PUBLICATION_DATE,TAXA_ID,ASSEMBLAGE_NAME,CLADOCERA_SIZE,CLASS,FAMILY,FFG,GENUS,NET_SIZECLS_NEW,NET_SIZECLS_RES,ORDER,PHYLUM,SPECIES,SUBCLASS,SUBFAMILY,SUBORDER,SUBSPECIES,TARGET_TAXON
10/27/2015,1000,ZOOPLANKTON,,MAXILLOPODA,CYCLOPIDAE,OMNI,ACANTHOCYCLOPS,COARSE,COARSE,CYCLOPOIDA,ARTHROPODA,,COPEPODA,,,,ACANTHOCYCLOPS
10/27/2015,1001,ZOOPLANKTON,,MAXILLOPODA,CYCLOPIDAE,OMNI,ACANTHOCYCLOPS,COARSE,COARSE,CYCLOPOIDA,ARTHROPODA,BREVISPINOSUS,COPEPODA,,,,ACANTHOCYCLOPS BREVISPINOSUS
10/27/2015,1002,ZOOPLANKTON,,MAXILLOPODA,CYCLOPIDAE,OMNI,ACANTHOCYCLOPS,COARSE,COARSE,CYCLOPOIDA,ARTHROPODA,ROBUSTUS,COPEPODA,,,,ACANTHOCYCLOPS ROBUSTUS
10/27/2015,1003,ZOOPLANKTON,,MAXILLOPODA,CYCLOPIDAE,OMNI,ACANTHOCYCLOPS,COARSE,COARSE,CYCLOPOIDA,ARTHROPODA,VERNALIS,COPEPODA,,,,ACANTHOCYCLOPS VERNALIS
10/27/2015,1004,ZOOPLANKTON,,MAXILLOPODA,DIAPTOMIDAE,HERB,ACANTHODIAPTOMUS,COARSE,COARSE,CALANOIDA,ARTHROPODA,DENTICORNUS,COPEPODA,,,,ACANTHODIAPTOMUS DENTICORNIS
10/27/2015,1005,ZOOPLANKTON,LARGE,BRANCHIOPODA,MACROTHRICIDAE,HERB,ACANTHOLEBERIS,COARSE,,DIPLOSTRACA,ARTHROPODA,CURVIROSTRIS,PHYLLOPODA,,CLADOCERA,,ACANTHOLEBERIS CURVIROSTRIS
10/27/2015,1006,ZOOPLANKTON,,MAXILLOPODA,ACARTIIDAE,HERB,ACARTIA,COARSE,COARSE,CALANOIDA,ARTHROPODA,TONSA,COPEPODA,,,,ACARTIA TONSA
10/27/2015,1007,ZOOPLANKTON,SMALL,BRANCHIOPODA,CHYDORIDAE,HERB,ACROPERUS,COARSE,COARSE,DIPLOSTRACA,ARTHROPODA,HARPAE,PHYLLOPODA,,CLADOCERA,,ACROPERUS HARPAE
10/27/2015,1008,ZOOPLANKTON,,MAXILLOPODA,DIAPTOMIDAE,OMNI,AGLAODIAPTOMUS,COARSE,COARSE,CALANOIDA,ARTHROPODA,,COPEPODA,,,,AGLAODIAPTOMUS
10/27/2015,1009,ZOOPLANKTON,,MAXILLOPODA,DIAPTOMIDAE,OMNI,AGLAODIAPTOMUS,COARSE,COARSE,CALANOIDA,ARTHROPODA,CLAVIPES,COPEPODA,,,,AGLAODIAPTOMUS CLAVIPES
10/27/2015,1010,ZOOPLANKTON,,MAXILLOPODA,DIAPTOMIDAE,OMNI,AGLAODIAPTOMUS,COARSE,COARSE,CALANOIDA,ARTHROPODA,FORBESI,COPEPODA,,,,AGLAODIAPTOMUS FORBESI
10/27/2015,1011,ZOOPLANKTON,,MAXILLOPODA,DIAPTOMIDAE,OMNI,AGLAODIAPTOMUS,COARSE,COARSE,CALANOIDA,ARTHROPODA,LEPTOPUS,COPEPODA,,,,AGLAODIAPTOMUS LEPTOPUS
10/27/2015,1012,ZOOPLANKTON,,MAXILLOPODA,DIAPTOMIDAE,OMNI,AGLAODIAPTOMUS,COARSE,COARSE,CALANOIDA,ARTHROPODA,LINTONI,COPEPODA,,,,AGLAODIAPTOMUS LINTONI
10/27/2015,1013,ZOOPLANKTON,,MAXILLOPODA,DIAPTOMIDAE,OMNI,AGLAODIAPTOMUS,COARSE,,CALANOIDA,ARTHROPODA,SASKATCHEWANENSIS,COPEPODA,,,,AGLAODIAPTOMUS SASKATCHEWANENSIS
10/27/2015,1014,ZOOPLANKTON,,MAXILLOPODA,DIAPTOMIDAE,OMNI,AGLAODIAPTOMUS,COARSE,COARSE,CALANOIDA,ARTHROPODA,SPATULOCRENATUS,COPEPODA,,,,AGLAODIAPTOMUS SPATULOCRENATUS
10/27/2015,1015,ZOOPLANKTON,SMALL,BRANCHIOPODA,CHYDORIDAE,HERB,ALONA,COARSE,COARSE,DIPLOSTRACA,ARTHROPODA,,PHYLLOPODA,,CLADOCERA,,ALONA
10/27/2015,1016,ZOOPLANKTON,SMALL,BRANCHIOPODA,CHYDORIDAE,HERB,ALONA,COARSE,,DIPLOSTRACA,ARTHROPODA,AFFINIS,PHYLLOPODA,,CLADOCERA,,ALONA AFFINIS
10/27/2015,1017,ZOOPLANKTON,SMALL,BRANCHIOPODA,CHYDORIDAE,HERB,ALONA,COARSE,COARSE,DIPLOSTRACA,ARTHROPODA,COSTATA,PHYLLOPODA,,CLADOCERA,,ALONA COSTATA
10/27/2015,1018,ZOOPLANKTON,SMALL,BRANCHIOPODA,CHYDORIDAE,HERB,ALONA,COARSE,COARSE,DIPLOSTRACA,ARTHROPODA,GUTTATA,PHYLLOPODA,,CLADOCERA,,ALONA GUTTATA
10/27/2015,1019,ZOOPLANKTON,SMALL,BRANCHIOPODA,CHYDORIDAE,HERB,ALONA,COARSE,,DIPLOSTRACA,ARTHROPODA,MONACANTHA,PHYLLOPODA,,CLADOCERA,,ALONA MONACANTHA
10/27/2015,1020,ZOOPLANKTON,SMALL,BRANCHIOPODA,CHYDORIDAE,HERB,ALONA,COARSE,COARSE,DIPLOSTRACA,ARTHROPODA,QUADRANGULARIS,PHYLLOPODA,,CLADOCERA,,ALONA QUADRANGULARIS
10/27/2015,1021,ZOOPLANKTON,SMALL,BRANCHIOPODA,CHYDORIDAE,HERB,ALONA,COARSE,COARSE,DIPLOSTRACA,ARTHROPODA,RECTANGULA,PHYLLOPODA,,CLADOCERA,,ALONA RECTANGULA
10/27/2015,1022,ZOOPLANKTON,SMALL,BRANCHIOPODA,CHYDORIDAE,HERB,ALONELLA,COARSE,,DIPLOSTRACA,ARTHROPODA,,PHYLLOPODA,,CLADOCERA,,ALONELLA
10/27/2015,1023,ZOOPLANKTON,SMALL,BRANCHIOPODA,CHYDORIDAE,HERB,ALONELLA,COARSE,,DIPLOSTRACA,ARTHROPODA,ACUTIROSTRIS,PHYLLOPODA,,CLADOCERA,,ALONELLA ACUTIROSTRIS
10/27/2015,1024,ZOOPLANKTON,SMALL,BRANCHIOPODA,CHYDORIDAE,HERB,ALONELLA,COARSE,,DIPLOSTRACA,ARTHROPODA,EXCISA,PHYLLOPODA,,CLADOCERA,,ALONELLA EXCISA
10/27/2015,1025,ZOOPLANKTON,SMALL,BRANCHIOPODA,CHYDORIDAE,HERB,ALONELLA,COARSE,,DIPLOSTRACA,ARTHROPODA,EXIGUA,PHYLLOPODA,,CLADOCERA,,ALONELLA EXIGUA
10/27/2015,1026,ZOOPLANKTON,,MALACOSTRACA,,,,COARSE,,AMPHIPODA,ARTHROPODA,,EUMALACOSTRACA,,,,AMPHIPODA
10/27/2015,1027,ZOOPLANKTON,,BRANCHIOPODA,,,,COARSE,,ANOSTRACA,ARTHROPODA,,SARSOSTRACA,,,,ANOSTRACA
10/27/2015,1028,ZOOPLANKTON,,EUROTATORIA,BRACHIONIDAE,HERB,ANURAEOPSIS,FINE,,PLOIMA,ROTIFERA,,MONOGONONTA,,,,ANURAEOPSIS
10/27/2015,1029,ZOOPLANKTON,,EUROTATORIA,BRACHIONIDAE,HERB,ANURAEOPSIS,FINE,FINE,PLOIMA,ROTIFERA,FISSA,MONOGONONTA,,,,ANURAEOPSIS FISSA
10/27/2015,1030,ZOOPLANKTON,,APPENDICULARIA,,,,COARSE,COARSE,,CHORDATA,,,,,,APPENDICULARIA
10/27/2015,1031,ZOOPLANKTON,,MAXILLOPODA,DIAPTOMIDAE,HERB,ARCTODIAPTOMUS,COARSE,,CALANOIDA,ARTHROPODA,ARAPAHOENSIS,COPEPODA,,,,ARCTODIAPTOMUS ARAPAHOENSIS
10/27/2015,1032,ZOOPLANKTON,,MAXILLOPODA,DIAPTOMIDAE,HERB,ARCTODIAPTOMUS,COARSE,COARSE,CALANOIDA,ARTHROPODA,DORSALIS,COPEPODA,,,,ARCTODIAPTOMUS DORSALIS
10/27/2015,1033,ZOOPLANKTON,,MAXILLOPODA,DIAPTOMIDAE,HERB,ARCTODIAPTOMUS,COARSE,COARSE,CALANOIDA,ARTHROPODA,FLORIDANUS,COPEPODA,,,,ARCTODIAPTOMUS FLORIDANUS
10/27/2015,1034,ZOOPLANKTON,,MAXILLOPODA,ARGULIDAE,PARA,ARGULUS,COARSE,FINE,ARGULOIDA,ARTHROPODA,,BRANCHIURA,,,,ARGULUS
10/27/2015,1035,ZOOPLANKTON,,EUROTATORIA,GASTROPODIDAE,HERB,ASCOMORPHA,FINE,FINE,PLOIMA,ROTIFERA,,MONOGONONTA,,,,ASCOMORPHA
10/27/2015,1036,ZOOPLANKTON,,EUROTATORIA,GASTROPODIDAE,HERB,ASCOMORPHA,FINE,FINE,PLOIMA,ROTIFERA,AGILIS,MONOGONONTA,,,,ASCOMORPHA AGILIS
10/27/2015,1037,ZOOPLANKTON,,EUROTATORIA,GASTROPODIDAE,HERB,ASCOMORPHA,FINE,FINE,PLOIMA,ROTIFERA,ECAUDIS,MONOGONONTA,,,,ASCOMORPHA ECAUDIS
10/27/2015,1038,ZOOPLANKTON,,EUROTATORIA,GASTROPODIDAE,HERB,ASCOMORPHA,FINE,FINE,PLOIMA,ROTIFERA,OVALIS,MONOGONONTA,,,,ASCOMORPHA OVALIS
10/27/2015,1039,ZOOPLANKTON,,EUROTATORIA,GASTROPODIDAE,HERB,ASCOMORPHA,FINE,FINE,PLOIMA,ROTIFERA,SALTANS,MONOGONONTA,,,,ASCOMORPHA SALTANS
10/27/2015,1040,ZOOPLANKTON,,EUROTATORIA,TRICHOCERCIDAE,HERB,ASCOMORPHELLA,FINE,FINE,PLOIMA,ROTIFERA,VOLVOCICOLA,MONOGONONTA,,,,ASCOMORPHELLA VOLVOCICOLA
10/27/2015,1041,ZOOPLANKTON,,EUROTATORIA,ASPLANCHNIDAE,OMNI,ASPLANCHNA,FINE,FINE,PLOIMA,ROTIFERA,,MONOGONONTA,,,,ASPLANCHNA
10/27/2015,1042,ZOOPLANKTON,,EUROTATORIA,ASPLANCHNIDAE,OMNI,ASPLANCHNA,FINE,FINE,PLOIMA,ROTIFERA,BRIGHTWELLII,MONOGONONTA,,,,ASPLANCHNA BRIGHTWELLII
10/27/2015,1043,ZOOPLANKTON,,EUROTATORIA,ASPLANCHNIDAE,OMNI,ASPLANCHNA,FINE,,PLOIMA,ROTIFERA,GIRODI,MONOGONONTA,,,,ASPLANCHNA GIRODI
10/27/2015,1044,ZOOPLANKTON,,EUROTATORIA,ASPLANCHNIDAE,OMNI,ASPLANCHNA,FINE,FINE,PLOIMA,ROTIFERA,HERRICKII,MONOGONONTA,,,,ASPLANCHNA HERRICKII
10/27/2015,1045,ZOOPLANKTON,,EUROTATORIA,ASPLANCHNIDAE,OMNI,ASPLANCHNA,FINE,FINE,PLOIMA,ROTIFERA,PRIODONTA,MONOGONONTA,,,,ASPLANCHNA PRIODONTA
10/27/2015,1046,ZOOPLANKTON,,EUROTATORIA,ASPLANCHNIDAE,OMNI,ASPLANCHNA,FINE,,PLOIMA,ROTIFERA,SILVESTRII,MONOGONONTA,,,,ASPLANCHNA SILVESTRII
10/27/2015,1047,ZOOPLANKTON,,EUROTATORIA,ASPLANCHNIDAE,OMNI,ASPLANCHNOPUS,FINE,,PLOIMA,ROTIFERA,,MONOGONONTA,,,,ASPLANCHNOPUS
10/27/2015,1048,ZOOPLANKTON,,EUROTATORIA,ASPLANCHNIDAE,OMNI,ASPLANCHNOPUS,FINE,,PLOIMA,ROTIFERA,MULTICEPS,MONOGONONTA,,,,ASPLANCHNOPUS MULTICEPS
10/27/2015,1049,ZOOPLANKTON,,MAXILLOPODA,BALANIDAE,FILT,BALANUS,FINE,FINE,SESSILIA,ARTHROPODA,,THECOSTRACA,,BALANOMORPHA,,BALANUS
10/27/2015,1050,ZOOPLANKTON,,EUROTATORIA,,HERB,,FINE,FINE,,ROTIFERA,,BDELLOIDEA,,,,BDELLOIDEA
10/27/2015,1051,ZOOPLANKTON,,BIVALVIA,,FILT,,FINE,FINE,,MOLLUSCA,,,,,,BIVALVIA
10/27/2015,1052,ZOOPLANKTON,SMALL,BRANCHIOPODA,BOSMINIDAE,HERB,BOSMINA,COARSE,,DIPLOSTRACA,ARTHROPODA,,PHYLLOPODA,,CLADOCERA,,BOSMINA
10/27/2015,1053,ZOOPLANKTON,SMALL,BRANCHIOPODA,BOSMINIDAE,HERB,BOSMINA,COARSE,COARSE,DIPLOSTRACA,ARTHROPODA,COREGONI,PHYLLOPODA,,CLADOCERA,,BOSMINA COREGONI
10/27/2015,1054,ZOOPLANKTON,SMALL,BRANCHIOPODA,BOSMINIDAE,HERB,BOSMINA,COARSE,COARSE,DIPLOSTRACA,ARTHROPODA,LONGIROSTRIS,PHYLLOPODA,,CLADOCERA,,BOSMINA LONGIROSTRIS
10/27/2015,1055,ZOOPLANKTON,SMALL,BRANCHIOPODA,BOSMINIDAE,HERB,,COARSE,COARSE,DIPLOSTRACA,ARTHROPODA,,PHYLLOPODA,,CLADOCERA,,BOSMINIDAE
10/27/2015,1056,ZOOPLANKTON,SMALL,BRANCHIOPODA,BOSMINIDAE,HERB,BOSMINOPSIS,COARSE,COARSE,DIPLOSTRACA,ARTHROPODA,DEITERSI,PHYLLOPODA,,CLADOCERA,,BOSMINOPSIS DEITERSI
10/27/2015,1057,ZOOPLANKTON,,EUROTATORIA,BRACHIONIDAE,OMNI,BRACHIONUS,FINE,FINE,PLOIMA,ROTIFERA,,MONOGONONTA,,,,BRACHIONUS
10/27/2015,1058,ZOOPLANKTON,,EUROTATORIA,BRACHIONIDAE,OMNI,BRACHIONUS,FINE,FINE,PLOIMA,ROTIFERA,ANGULARIS,MONOGONONTA,,,,BRACHIONUS ANGULARIS
10/27/2015,1059,ZOOPLANKTON,,EUROTATORIA,BRACHIONIDAE,OMNI,BRACHIONUS,FINE,FINE,PLOIMA,ROTIFERA,BIDENTATA,MONOGONONTA,,,,BRACHIONUS BIDENTATA
10/27/2015,1060,ZOOPLANKTON,,EUROTATORIA,BRACHIONIDAE,OMNI,BRACHIONUS,FINE,FINE,PLOIMA,ROTIFERA,BUDAPESTINENSIS,MONOGONONTA,,,,BRACHIONUS BUDAPESTINENSIS
10/27/2015,1061,ZOOPLANKTON,,EUROTATORIA,BRACHIONIDAE,OMNI,BRACHIONUS,FINE,FINE,PLOIMA,ROTIFERA,CALYCIFLORUS,MONOGONONTA,,,,BRACHIONUS CALYCIFLORUS
10/27/2015,1062,ZOOPLANKTON,,EUROTATORIA,BRACHIONIDAE,OMNI,BRACHIONUS,FINE,FINE,PLOIMA,ROTIFERA,CAUDATUS,MONOGONONTA,,,,BRACHIONUS CAUDATUS
10/27/2015,1063,ZOOPLANKTON,,EUROTATORIA,BRACHIONIDAE,OMNI,BRACHIONUS,,FINE,PLOIMA,ROTIFERA,CAUDATUS,MONOGONONTA,,,PERSONATA,BRACHIONUS CAUDATUS PERSONATA
10/27/2015,1064,ZOOPLANKTON,,EUROTATORIA,BRACHIONIDAE,OMNI,BRACHIONUS,FINE,FINE,PLOIMA,ROTIFERA,DIMIDIATUS,MONOGONONTA,,,,BRACHIONUS DIMIDIATUS
10/27/2015,1065,ZOOPLANKTON,,EUROTATORIA,BRACHIONIDAE,OMNI,BRACHIONUS,FINE,,PLOIMA,ROTIFERA,FALCATUS,MONOGONONTA,,,,BRACHIONUS FALCATUS
10/27/2015,1066,ZOOPLANKTON,,EUROTATORIA,BRACHIONIDAE,OMNI,BRACHIONUS,FINE,FINE,PLOIMA,ROTIFERA,FORFICULA,MONOGONONTA,,,,BRACHIONUS FORFICULA
10/27/2015,1067,ZOOPLANKTON,,EUROTATORIA,BRACHIONIDAE,OMNI,BRACHIONUS,FINE,FINE,PLOIMA,ROTIFERA,HAVANAENSIS,MONOGONONTA,,,,BRACHIONUS HAVANAENSIS
10/27/2015,1068,ZOOPLANKTON,,EUROTATORIA,BRACHIONIDAE,OMNI,BRACHIONUS,,FINE,PLOIMA,ROTIFERA,NILSONI,MONOGONONTA,,,,BRACHIONUS NILSONI
10/27/2015,1069,ZOOPLANKTON,,EUROTATORIA,BRACHIONIDAE,OMNI,BRACHIONUS,FINE,,PLOIMA,ROTIFERA,NOVAE-ZELANDIAE,MONOGONONTA,,,,BRACHIONUS NOVAE-ZELANDIAE
10/27/2015,1070,ZOOPLANKTON,,EUROTATORIA,BRACHIONIDAE,OMNI,BRACHIONUS,FINE,FINE,PLOIMA,ROTIFERA,PATULUS,MONOGONONTA,,,,BRACHIONUS PATULUS
10/27/2015,1071,ZOOPLANKTON,,EUROTATORIA,BRACHIONIDAE,OMNI,BRACHIONUS,FINE,FINE,PLOIMA,ROTIFERA,PLICATILIS,MONOGONONTA,,,,BRACHIONUS PLICATILIS
10/27/2015,1072,ZOOPLANKTON,,EUROTATORIA,BRACHIONIDAE,OMNI,BRACHIONUS,FINE,FINE,PLOIMA,ROTIFERA,QUADRIDENTATUS,MONOGONONTA,,,,BRACHIONUS QUADRIDENTATUS
10/27/2015,1073,ZOOPLANKTON,,EUROTATORIA,BRACHIONIDAE,OMNI,BRACHIONUS,FINE,FINE,PLOIMA,ROTIFERA,QUADRIDENTATUS,MONOGONONTA,,,BREVISPINUS,BRACHIONUS QUADRIDENTATUS BREVISPINUS
10/27/2015,1074,ZOOPLANKTON,,EUROTATORIA,BRACHIONIDAE,OMNI,BRACHIONUS,,FINE,PLOIMA,ROTIFERA,QUADRIDENTATUS,MONOGONONTA,,,MELHENI,BRACHIONUS QUADRIDENTATUS MELHENI
10/27/2015,1075,ZOOPLANKTON,,EUROTATORIA,BRACHIONIDAE,OMNI,BRACHIONUS,FINE,FINE,PLOIMA,ROTIFERA,RUBENS,MONOGONONTA,,,,BRACHIONUS RUBENS
10/27/2015,1076,ZOOPLANKTON,,EUROTATORIA,BRACHIONIDAE,OMNI,BRACHIONUS,FINE,,PLOIMA,ROTIFERA,SATANICUS,MONOGONONTA,,,,BRACHIONUS SATANICUS
10/27/2015,1077,ZOOPLANKTON,,EUROTATORIA,BRACHIONIDAE,OMNI,BRACHIONUS,FINE,FINE,PLOIMA,ROTIFERA,URCEOLARIS,MONOGONONTA,,,,BRACHIONUS URCEOLARIS
10/27/2015,1078,ZOOPLANKTON,,EUROTATORIA,BRACHIONIDAE,OMNI,BRACHIONUS,FINE,FINE,PLOIMA,ROTIFERA,VARIABILIS,MONOGONONTA,,,,BRACHIONUS VARIABILIS
10/27/2015,1079,ZOOPLANKTON,,EUROTATORIA,BRACHIONIDAE,OMNI,BRACHIONUS,FINE,,PLOIMA,ROTIFERA,ZAHNISERI,MONOGONONTA,,,,BRACHIONUS ZAHNISERI
10/27/2015,1080,ZOOPLANKTON,,MAXILLOPODA,,HERB,,COARSE,COARSE,CALANOIDA,ARTHROPODA,,COPEPODA,,,,CALANOIDA
10/27/2015,1081,ZOOPLANKTON,SMALL,BRANCHIOPODA,CHYDORIDAE,HERB,CAMPTOCERCUS,COARSE,,DIPLOSTRACA,ARTHROPODA,,PHYLLOPODA,,CLADOCERA,,CAMPTOCERCUS
10/27/2015,1082,ZOOPLANKTON,SMALL,BRANCHIOPODA,CHYDORIDAE,HERB,CAMPTOCERCUS,COARSE,,DIPLOSTRACA,ARTHROPODA,OKLAHOMENSIS,PHYLLOPODA,,CLADOCERA,,CAMPTOCERCUS OKLAHOMENSIS
10/27/2015,1083,ZOOPLANKTON,SMALL,BRANCHIOPODA,CHYDORIDAE,HERB,CAMPTOCERCUS,COARSE,COARSE,DIPLOSTRACA,ARTHROPODA,RECTIROSTRIS,PHYLLOPODA,,CLADOCERA,,CAMPTOCERCUS RECTIROSTRIS
10/27/2015,1084,ZOOPLANKTON,,EUROTATORIA,NOTOMMATIDAE,OMNI,CEPHALODELLA,FINE,FINE,PLOIMA,ROTIFERA,,MONOGONONTA,,,,CEPHALODELLA
10/27/2015,1085,ZOOPLANKTON,,EUROTATORIA,NOTOMMATIDAE,OMNI,CEPHALODELLA,FINE,,PLOIMA,ROTIFERA,FORFICULA,MONOGONONTA,,,,CEPHALODELLA FORFICULA
10/27/2015,1086,ZOOPLANKTON,,EUROTATORIA,NOTOMMATIDAE,OMNI,CEPHALODELLA,FINE,,PLOIMA,ROTIFERA,GIBBA,MONOGONONTA,,,,CEPHALODELLA GIBBA
10/27/2015,1087,ZOOPLANKTON,LARGE,BRANCHIOPODA,CERCOPAGIDIDAE,PRED,CERCOPAGIS,,COARSE,DIPLOSTRACA,ARTHROPODA,PENGOI,PHYLLOPODA,,CLADOCERA,,CERCOPAGIS PENGOI
10/27/2015,1088,ZOOPLANKTON,SMALL,BRANCHIOPODA,DAPHNIIDAE,HERB,CERIODAPHNIA,COARSE,COARSE,DIPLOSTRACA,ARTHROPODA,,PHYLLOPODA,,CLADOCERA,,CERIODAPHNIA
10/27/2015,1089,ZOOPLANKTON,SMALL,BRANCHIOPODA,DAPHNIIDAE,HERB,CERIODAPHNIA,COARSE,,DIPLOSTRACA,ARTHROPODA,CORNUTA,PHYLLOPODA,,CLADOCERA,,CERIODAPHNIA CORNUTA
10/27/2015,1090,ZOOPLANKTON,SMALL,BRANCHIOPODA,DAPHNIIDAE,HERB,CERIODAPHNIA,COARSE,,DIPLOSTRACA,ARTHROPODA,DUBIA,PHYLLOPODA,,CLADOCERA,,CERIODAPHNIA DUBIA
10/27/2015,1091,ZOOPLANKTON,SMALL,BRANCHIOPODA,DAPHNIIDAE,HERB,CERIODAPHNIA,COARSE,COARSE,DIPLOSTRACA,ARTHROPODA,LACUSTRIS,PHYLLOPODA,,CLADOCERA,,CERIODAPHNIA LACUSTRIS
10/27/2015,1092,ZOOPLANKTON,SMALL,BRANCHIOPODA,DAPHNIIDAE,HERB,CERIODAPHNIA,COARSE,,DIPLOSTRACA,ARTHROPODA,QUADRANGULA,PHYLLOPODA,,CLADOCERA,,CERIODAPHNIA QUADRANGULA
10/27/2015,1093,ZOOPLANKTON,SMALL,BRANCHIOPODA,DAPHNIIDAE,HERB,CERIODAPHNIA,COARSE,COARSE,DIPLOSTRACA,ARTHROPODA,RETICULATA,PHYLLOPODA,,CLADOCERA,,CERIODAPHNIA RETICULATA
10/27/2015,1094,ZOOPLANKTON,,INSECTA,CHAOBORIDAE,PRED,CHAOBORUS,COARSE,COARSE,DIPTERA,ARTHROPODA,,PTERYGOTA,CHAOBORINAE,NEMATOCERA,,CHAOBORUS
10/27/2015,1095,ZOOPLANKTON,SMALL,BRANCHIOPODA,CHYDORIDAE,HERB,,COARSE,FINE,DIPLOSTRACA,ARTHROPODA,,PHYLLOPODA,,CLADOCERA,,CHYDORIDAE
10/27/2015,1096,ZOOPLANKTON,SMALL,BRANCHIOPODA,CHYDORIDAE,HERB,CHYDORUS,FINE,,DIPLOSTRACA,ARTHROPODA,,PHYLLOPODA,,CLADOCERA,,CHYDORUS
10/27/2015,1097,ZOOPLANKTON,SMALL,BRANCHIOPODA,CHYDORIDAE,HERB,CHYDORUS,COARSE,COARSE,DIPLOSTRACA,ARTHROPODA,BICORNUTUS,PHYLLOPODA,,CLADOCERA,,CHYDORUS BICORNUTUS
10/27/2015,1098,ZOOPLANKTON,SMALL,BRANCHIOPODA,CHYDORIDAE,HERB,CHYDORUS,COARSE,COARSE,DIPLOSTRACA,ARTHROPODA,SPHAERICUS,PHYLLOPODA,,CLADOCERA,,CHYDORUS SPHAERICUS
10/27/2015,1099,ZOOPLANKTON,SMALL,BRANCHIOPODA,,HERB,,COARSE,COARSE,DIPLOSTRACA,ARTHROPODA,,PHYLLOPODA,,CLADOCERA,,CLADOCERA
10/27/2015,1100,ZOOPLANKTON,,EUROTATORIA,COLLOTHECIDAE,HERB,COLLOTHECA,FINE,FINE,COLLOTHECACEAE,ROTIFERA,,MONOGONONTA,,,,COLLOTHECA
10/27/2015,1101,ZOOPLANKTON,,EUROTATORIA,COLLOTHECIDAE,HERB,COLLOTHECA,FINE,FINE,COLLOTHECACEAE,ROTIFERA,LIBERA,MONOGONONTA,,,,COLLOTHECA LIBERA
10/27/2015,1102,ZOOPLANKTON,,EUROTATORIA,COLLOTHECIDAE,HERB,COLLOTHECA,FINE,FINE,COLLOTHECACEAE,ROTIFERA,MUTABILIS,MONOGONONTA,,,,COLLOTHECA MUTABILIS
10/27/2015,1103,ZOOPLANKTON,,EUROTATORIA,COLLOTHECIDAE,HERB,COLLOTHECA,FINE,,COLLOTHECACEAE,ROTIFERA,ORNATA,MONOGONONTA,,,,COLLOTHECA ORNATA
10/27/2015,1104,ZOOPLANKTON,,EUROTATORIA,COLLOTHECIDAE,HERB,COLLOTHECA,FINE,FINE,COLLOTHECACEAE,ROTIFERA,ORNATA,MONOGONONTA,,,NATANS,COLLOTHECA ORNATA NATANS
10/27/2015,1105,ZOOPLANKTON,,EUROTATORIA,COLLOTHECIDAE,HERB,COLLOTHECA,FINE,FINE,COLLOTHECACEAE,ROTIFERA,PELAGICA,MONOGONONTA,,,,COLLOTHECA PELAGICA
10/27/2015,1106,ZOOPLANKTON,,EUROTATORIA,COLLOTHECIDAE,HERB,COLLOTHECA,FINE,,COLLOTHECACEAE,ROTIFERA,TRILOBA,MONOGONONTA,,,,COLLOTHECA TRILOBA
10/27/2015,1107,ZOOPLANKTON,,EUROTATORIA,LEPADELLIDAE,HERB,COLURELLA,FINE,FINE,PLOIMA,ROTIFERA,,MONOGONONTA,,,,COLURELLA
10/27/2015,1108,ZOOPLANKTON,,EUROTATORIA,LEPADELLIDAE,HERB,COLURELLA,FINE,,PLOIMA,ROTIFERA,ADRIATICA,MONOGONONTA,,,,COLURELLA ADRIATICA
10/27/2015,1109,ZOOPLANKTON,,EUROTATORIA,LEPADELLIDAE,HERB,COLURELLA,FINE,,PLOIMA,ROTIFERA,HINDENBURGI,MONOGONONTA,,,,COLURELLA HINDENBURGI
10/27/2015,1110,ZOOPLANKTON,,EUROTATORIA,LEPADELLIDAE,HERB,COLURELLA,FINE,,PLOIMA,ROTIFERA,OBLONGA,MONOGONONTA,,,,COLURELLA OBLONGA
10/27/2015,1111,ZOOPLANKTON,,EUROTATORIA,LEPADELLIDAE,HERB,COLURELLA,FINE,FINE,PLOIMA,ROTIFERA,UNCINATA,MONOGONONTA,,,,COLURELLA UNCINATA
10/27/2015,1112,ZOOPLANKTON,,EUROTATORIA,LEPADELLIDAE,HERB,COLURELLA,FINE,,PLOIMA,ROTIFERA,UNCINATA,MONOGONONTA,,,BICUSPIDATA,COLURELLA UNCINATA BICUSPIDATA
10/27/2015,1113,ZOOPLANKTON,,EUROTATORIA,CONOCHILIDAE,HERB,CONOCHILOIDES,FINE,FINE,FLOSCULARIACEAE,ROTIFERA,,MONOGONONTA,,,,CONOCHILOIDES
10/27/2015,1114,ZOOPLANKTON,,EUROTATORIA,CONOCHILIDAE,HERB,CONOCHILOIDES,FINE,FINE,FLOSCULARIACEAE,ROTIFERA,COENOBASIS,MONOGONONTA,,,,CONOCHILOIDES COENOBASIS
10/27/2015,1115,ZOOPLANKTON,,EUROTATORIA,CONOCHILIDAE,HERB,CONOCHILOIDES,FINE,FINE,FLOSCULARIACEAE,ROTIFERA,DOSSUARIUS,MONOGONONTA,,,,CONOCHILOIDES DOSSUARIUS
10/27/2015,1116,ZOOPLANKTON,,EUROTATORIA,CONOCHILIDAE,HERB,CONOCHILOIDES,FINE,FINE,FLOSCULARIACEAE,ROTIFERA,NATANS,MONOGONONTA,,,,CONOCHILOIDES NATANS
10/27/2015,1117,ZOOPLANKTON,,EUROTATORIA,CONOCHILIDAE,HERB,CONOCHILUS,FINE,FINE,FLOSCULARIACEAE,ROTIFERA,,MONOGONONTA,,,,CONOCHILUS
10/27/2015,1118,ZOOPLANKTON,,EUROTATORIA,CONOCHILIDAE,HERB,CONOCHILUS,FINE,FINE,FLOSCULARIACEAE,ROTIFERA,HIPPOCREPIS,MONOGONONTA,,,,CONOCHILUS HIPPOCREPIS
10/27/2015,1119,ZOOPLANKTON,,EUROTATORIA,CONOCHILIDAE,HERB,CONOCHILUS,FINE,FINE,FLOSCULARIACEAE,ROTIFERA,UNICORNIS,MONOGONONTA,,,,CONOCHILUS UNICORNIS
10/27/2015,1120,ZOOPLANKTON,,MAXILLOPODA,,UNK,,FINE,FINE,,ARTHROPODA,,COPEPODA,,,,COPEPODA
10/27/2015,1121,ZOOPLANKTON,,MAXILLOPODA,,UNK,,COARSE,COARSE,CYCLOPOIDA,ARTHROPODA,,COPEPODA,,,,CYCLOPOIDA
10/27/2015,1122,ZOOPLANKTON,,MAXILLOPODA,CYCLOPIDAE,OMNI,CYCLOPS,COARSE,COARSE,CYCLOPOIDA,ARTHROPODA,SCUTIFER,COPEPODA,,,,CYCLOPS SCUTIFER
10/27/2015,1123,ZOOPLANKTON,,OSTRACODA,CYPRIDIDAE,,,COARSE,COARSE,PODOCOPIDA,ARTHROPODA,,PODOCOPA,,,,CYPRIDIDAE
10/27/2015,1124,ZOOPLANKTON,LARGE,BRANCHIOPODA,DAPHNIIDAE,HERB,DAPHNIA,COARSE,COARSE,DIPLOSTRACA,ARTHROPODA,,PHYLLOPODA,,CLADOCERA,,DAPHNIA
10/27/2015,1125,ZOOPLANKTON,LARGE,BRANCHIOPODA,DAPHNIIDAE,HERB,DAPHNIA,COARSE,COARSE,DIPLOSTRACA,ARTHROPODA,AMBIGUA,PHYLLOPODA,,CLADOCERA,,DAPHNIA AMBIGUA
10/27/2015,1126,ZOOPLANKTON,LARGE,BRANCHIOPODA,DAPHNIIDAE,HERB,DAPHNIA,COARSE,COARSE,DIPLOSTRACA,ARTHROPODA,CATAWBA,PHYLLOPODA,,CLADOCERA,,DAPHNIA CATAWBA
10/27/2015,1127,ZOOPLANKTON,LARGE,BRANCHIOPODA,DAPHNIIDAE,HERB,DAPHNIA,COARSE,COARSE,DIPLOSTRACA,ARTHROPODA,DENTIFERA,PHYLLOPODA,,CLADOCERA,,DAPHNIA DENTIFERA
10/27/2015,1128,ZOOPLANKTON,LARGE,BRANCHIOPODA,DAPHNIIDAE,HERB,DAPHNIA,COARSE,COARSE,DIPLOSTRACA,ARTHROPODA,DUBIA,PHYLLOPODA,,CLADOCERA,,DAPHNIA DUBIA
10/27/2015,1129,ZOOPLANKTON,LARGE,BRANCHIOPODA,DAPHNIIDAE,HERB,DAPHNIA,COARSE,COARSE,DIPLOSTRACA,ARTHROPODA,EXILIS,PHYLLOPODA,,CLADOCERA,,DAPHNIA EXILIS
10/27/2015,1130,ZOOPLANKTON,LARGE,BRANCHIOPODA,DAPHNIIDAE,HERB,DAPHNIA,COARSE,,DIPLOSTRACA,ARTHROPODA,GALEATA,PHYLLOPODA,,CLADOCERA,,DAPHNIA GALEATA
10/27/2015,1131,ZOOPLANKTON,LARGE,BRANCHIOPODA,DAPHNIIDAE,HERB,DAPHNIA,COARSE,COARSE,DIPLOSTRACA,ARTHROPODA,GALEATA,PHYLLOPODA,,CLADOCERA,MENDOTAE,DAPHNIA GALEATA MENDOTAE
10/27/2015,1132,ZOOPLANKTON,LARGE,BRANCHIOPODA,DAPHNIIDAE,HERB,DAPHNIA,COARSE,,DIPLOSTRACA,ARTHROPODA,LAEVIS,PHYLLOPODA,,CLADOCERA,,DAPHNIA LAEVIS
10/27/2015,1133,ZOOPLANKTON,LARGE,BRANCHIOPODA,DAPHNIIDAE,HERB,DAPHNIA,,COARSE,DIPLOSTRACA,ARTHROPODA,LONGIREMIS,PHYLLOPODA,,CLADOCERA,,DAPHNIA LONGIREMIS
10/27/2015,1134,ZOOPLANKTON,LARGE,BRANCHIOPODA,DAPHNIIDAE,HERB,DAPHNIA,COARSE,COARSE,DIPLOSTRACA,ARTHROPODA,LUMHOLTZI,PHYLLOPODA,,CLADOCERA,,DAPHNIA LUMHOLTZI
10/27/2015,1135,ZOOPLANKTON,LARGE,BRANCHIOPODA,DAPHNIIDAE,HERB,DAPHNIA,COARSE,COARSE,DIPLOSTRACA,ARTHROPODA,MAGNA,PHYLLOPODA,,CLADOCERA,,DAPHNIA MAGNA
10/27/2015,1136,ZOOPLANKTON,LARGE,BRANCHIOPODA,DAPHNIIDAE,HERB,DAPHNIA,COARSE,COARSE,DIPLOSTRACA,ARTHROPODA,MIDDENDORFFIANA,PHYLLOPODA,,CLADOCERA,,DAPHNIA MIDDENDORFFIANA
10/27/2015,1137,ZOOPLANKTON,LARGE,BRANCHIOPODA,DAPHNIIDAE,HERB,DAPHNIA,COARSE,,DIPLOSTRACA,ARTHROPODA,MINNEHAHA,PHYLLOPODA,,CLADOCERA,,DAPHNIA MINNEHAHA
10/27/2015,1138,ZOOPLANKTON,LARGE,BRANCHIOPODA,DAPHNIIDAE,HERB,DAPHNIA,COARSE,COARSE,DIPLOSTRACA,ARTHROPODA,PARVULA,PHYLLOPODA,,CLADOCERA,,DAPHNIA PARVULA
10/27/2015,1139,ZOOPLANKTON,LARGE,BRANCHIOPODA,DAPHNIIDAE,HERB,DAPHNIA,COARSE,COARSE,DIPLOSTRACA,ARTHROPODA,PILEATA,PHYLLOPODA,,CLADOCERA,,DAPHNIA PILEATA
10/27/2015,1140,ZOOPLANKTON,LARGE,BRANCHIOPODA,DAPHNIIDAE,HERB,DAPHNIA,COARSE,,DIPLOSTRACA,ARTHROPODA,PROLATA,PHYLLOPODA,,CLADOCERA,,DAPHNIA PROLATA
10/27/2015,1141,ZOOPLANKTON,LARGE,BRANCHIOPODA,DAPHNIIDAE,HERB,DAPHNIA,COARSE,COARSE,DIPLOSTRACA,ARTHROPODA,PULEX,PHYLLOPODA,,CLADOCERA,,DAPHNIA PULEX
10/27/2015,1142,ZOOPLANKTON,LARGE,BRANCHIOPODA,DAPHNIIDAE,HERB,DAPHNIA,COARSE,COARSE,DIPLOSTRACA,ARTHROPODA,PULICARIA,PHYLLOPODA,,CLADOCERA,,DAPHNIA PULICARIA
10/27/2015,1143,ZOOPLANKTON,LARGE,BRANCHIOPODA,DAPHNIIDAE,HERB,DAPHNIA,COARSE,COARSE,DIPLOSTRACA,ARTHROPODA,RETROCURVA,PHYLLOPODA,,CLADOCERA,,DAPHNIA RETROCURVA
10/27/2015,1144,ZOOPLANKTON,LARGE,BRANCHIOPODA,DAPHNIIDAE,HERB,DAPHNIA,COARSE,,DIPLOSTRACA,ARTHROPODA,ROSEA,PHYLLOPODA,,CLADOCERA,,DAPHNIA ROSEA
10/27/2015,1145,ZOOPLANKTON,LARGE,BRANCHIOPODA,DAPHNIIDAE,HERB,DAPHNIA,COARSE,,DIPLOSTRACA,ARTHROPODA,SCHODLERI,PHYLLOPODA,,CLADOCERA,,DAPHNIA SCHODLERI
10/27/2015,1146,ZOOPLANKTON,LARGE,BRANCHIOPODA,DAPHNIIDAE,HERB,DAPHNIA,COARSE,COARSE,DIPLOSTRACA,ARTHROPODA,THORATA,PHYLLOPODA,,CLADOCERA,,DAPHNIA THORATA
10/27/2015,1147,ZOOPLANKTON,,MAXILLOPODA,CYCLOPIDAE,OMNI,DIACYCLOPS,COARSE,COARSE,CYCLOPOIDA,ARTHROPODA,LANGUIDOIDES,COPEPODA,,,,DIACYCLOPS LANGUIDOIDES
10/27/2015,1148,ZOOPLANKTON,,MAXILLOPODA,CYCLOPIDAE,OMNI,DIACYCLOPS,COARSE,,CYCLOPOIDA,ARTHROPODA,NAVUS,COPEPODA,,,,DIACYCLOPS NAVUS
10/27/2015,1149,ZOOPLANKTON,,MAXILLOPODA,CYCLOPIDAE,OMNI,DIACYCLOPS,COARSE,COARSE,CYCLOPOIDA,ARTHROPODA,THOMASI,COPEPODA,,,,DIACYCLOPS THOMASI
10/27/2015,1150,ZOOPLANKTON,LARGE,BRANCHIOPODA,SIDIDAE,HERB,DIAPHANOSOMA,COARSE,COARSE,DIPLOSTRACA,ARTHROPODA,,PHYLLOPODA,,CLADOCERA,,DIAPHANOSOMA
10/27/2015,1151,ZOOPLANKTON,LARGE,BRANCHIOPODA,SIDIDAE,HERB,DIAPHANOSOMA,COARSE,COARSE,DIPLOSTRACA,ARTHROPODA,BIRGEI,PHYLLOPODA,,CLADOCERA,,DIAPHANOSOMA BIRGEI
10/27/2015,1152,ZOOPLANKTON,LARGE,BRANCHIOPODA,SIDIDAE,HERB,DIAPHANOSOMA,COARSE,COARSE,DIPLOSTRACA,ARTHROPODA,BRACHYURUM,PHYLLOPODA,,CLADOCERA,,DIAPHANOSOMA BRACHYURUM
10/27/2015,1153,ZOOPLANKTON,,MAXILLOPODA,DIAPTOMIDAE,HERB,,COARSE,COARSE,CALANOIDA,ARTHROPODA,,COPEPODA,,,,DIAPTOMIDAE
10/27/2015,1154,ZOOPLANKTON,,MAXILLOPODA,DIAPTOMIDAE,HERB,DIAPTOMUS,,COARSE,CALANOIDA,ARTHROPODA,DORSALIS,COPEPODA,,,,DIAPTOMUS DORSALIS
10/27/2015,1155,ZOOPLANKTON,,EUROTATORIA,EUCHLANIDAE,HERB,DIPLEUCHLANIS,FINE,,PLOIMA,ROTIFERA,PROPATULA,MONOGONONTA,,,,DIPLEUCHLANIS PROPATULA
10/27/2015,1156,ZOOPLANKTON,SMALL,BRANCHIOPODA,CHYDORIDAE,HERB,DISPARALONA,COARSE,COARSE,DIPLOSTRACA,ARTHROPODA,HAMATA,PHYLLOPODA,,CLADOCERA,,DISPARALONA HAMATA
10/27/2015,1157,ZOOPLANKTON,,EUROTATORIA,PHILODINIDAE,HERB,DISSOTROCHA,FINE,,,ROTIFERA,,BDELLOIDEA,,,,DISSOTROCHA
10/27/2015,1158,ZOOPLANKTON,,EUROTATORIA,PHILODINIDAE,HERB,DISSOTROCHA,FINE,FINE,,ROTIFERA,ACULEATA,BDELLOIDEA,,,,DISSOTROCHA ACULEATA
10/27/2015,1159,ZOOPLANKTON,,BIVALVIA,DREISSENIDAE,,DREISSENA,COARSE,COARSE,VENEROIDA,MOLLUSCA,,HETERODONTA,,,,DREISSENA
10/27/2015,1160,ZOOPLANKTON,,BIVALVIA,DREISSENIDAE,,DREISSENA,FINE,,VENEROIDA,MOLLUSCA,BUGENSIS,HETERODONTA,,,,DREISSENA BUGENSIS
10/27/2015,1161,ZOOPLANKTON,,BIVALVIA,DREISSENIDAE,,DREISSENA,COARSE,FINE,VENEROIDA,MOLLUSCA,POLYMORPHA,HETERODONTA,,,,DREISSENA POLYMORPHA
10/27/2015,1162,ZOOPLANKTON,LARGE,BRANCHIOPODA,MACROTHRICIDAE,HERB,DREPANOTHRIX,COARSE,,DIPLOSTRACA,ARTHROPODA,DENTATA,PHYLLOPODA,,CLADOCERA,,DREPANOTHRIX DENTATA
10/27/2015,1163,ZOOPLANKTON,SMALL,BRANCHIOPODA,CHYDORIDAE,HERB,DUNHEVEDIA,COARSE,COARSE,DIPLOSTRACA,ARTHROPODA,CRASSA,PHYLLOPODA,,CLADOCERA,,DUNHEVEDIA CRASSA
10/27/2015,1164,ZOOPLANKTON,,EUROTATORIA,DICRANOPHORIDAE,OMNI,ENCENTRUM,FINE,,PLOIMA,ROTIFERA,,MONOGONONTA,,,,ENCENTRUM
10/27/2015,1165,ZOOPLANKTON,,EUROTATORIA,EPIPHANIDAE,OMNI,EPIPHANES,FINE,FINE,PLOIMA,ROTIFERA,,MONOGONONTA,,,,EPIPHANES
10/27/2015,1166,ZOOPLANKTON,,EUROTATORIA,EPIPHANIDAE,OMNI,EPIPHANES,FINE,,PLOIMA,ROTIFERA,CLAVATULA,MONOGONONTA,,,,EPIPHANES CLAVATULA
10/27/2015,1167,ZOOPLANKTON,,EUROTATORIA,EPIPHANIDAE,OMNI,EPIPHANES,FINE,FINE,PLOIMA,ROTIFERA,MACROURA,MONOGONONTA,,,,EPIPHANES MACROURA
10/27/2015,1168,ZOOPLANKTON,,EUROTATORIA,EPIPHANIDAE,OMNI,EPIPHANES,FINE,,PLOIMA,ROTIFERA,PELAGICA,MONOGONONTA,,,,EPIPHANES PELAGICA
10/27/2015,1169,ZOOPLANKTON,,MAXILLOPODA,TEMORIDAE,OMNI,EPISCHURA,COARSE,COARSE,CALANOIDA,ARTHROPODA,,COPEPODA,,,,EPISCHURA
10/27/2015,1170,ZOOPLANKTON,,MAXILLOPODA,TEMORIDAE,OMNI,EPISCHURA,COARSE,COARSE,CALANOIDA,ARTHROPODA,FLUVIATILIS,COPEPODA,,,,EPISCHURA FLUVIATILIS
10/27/2015,1171,ZOOPLANKTON,,MAXILLOPODA,TEMORIDAE,OMNI,EPISCHURA,COARSE,COARSE,CALANOIDA,ARTHROPODA,LACUSTRIS,COPEPODA,,,,EPISCHURA LACUSTRIS
10/27/2015,1172,ZOOPLANKTON,,MAXILLOPODA,TEMORIDAE,OMNI,EPISCHURA,COARSE,,CALANOIDA,ARTHROPODA,NEVADENSIS,COPEPODA,,,,EPISCHURA NEVADENSIS
10/27/2015,1173,ZOOPLANKTON,,MAXILLOPODA,TEMORIDAE,OMNI,EPISCHURA,COARSE,COARSE,CALANOIDA,ARTHROPODA,NORDENSKIOLDI,COPEPODA,,,,EPISCHURA NORDENSKIOLDI
10/27/2015,1174,ZOOPLANKTON,,MAXILLOPODA,ERGASILIDAE,OMNI,,COARSE,FINE,POECILOSTOMATOIDA,ARTHROPODA,,COPEPODA,,,,ERGASILIDAE
10/27/2015,1175,ZOOPLANKTON,,MAXILLOPODA,ERGASILIDAE,OMNI,ERGASILUS,COARSE,COARSE,POECILOSTOMATOIDA,ARTHROPODA,,COPEPODA,,,,ERGASILUS
10/27/2015,1176,ZOOPLANKTON,,MAXILLOPODA,ERGASILIDAE,OMNI,ERGASILUS,COARSE,COARSE,POECILOSTOMATOIDA,ARTHROPODA,ARTHROSIS,COPEPODA,,,,ERGASILUS ARTHROSIS
10/27/2015,1177,ZOOPLANKTON,,MAXILLOPODA,ERGASILIDAE,OMNI,ERGASILUS,COARSE,COARSE,POECILOSTOMATOIDA,ARTHROPODA,MEGACEROS,COPEPODA,,,,ERGASILUS MEGACEROS
10/27/2015,1178,ZOOPLANKTON,,MAXILLOPODA,ERGASILIDAE,OMNI,ERGASILUS,COARSE,COARSE,POECILOSTOMATOIDA,ARTHROPODA,VERSICOLOR,COPEPODA,,,,ERGASILUS VERSICOLOR
10/27/2015,1179,ZOOPLANKTON,SMALL,BRANCHIOPODA,BOSMINIDAE,HERB,EUBOSMINA,COARSE,COARSE,DIPLOSTRACA,ARTHROPODA,,PHYLLOPODA,,CLADOCERA,,EUBOSMINA
10/27/2015,1180,ZOOPLANKTON,SMALL,BRANCHIOPODA,BOSMINIDAE,HERB,EUBOSMINA,COARSE,COARSE,DIPLOSTRACA,ARTHROPODA,COREGONI,PHYLLOPODA,,CLADOCERA,,EUBOSMINA COREGONI
10/27/2015,1181,ZOOPLANKTON,SMALL,BRANCHIOPODA,BOSMINIDAE,HERB,EUBOSMINA,COARSE,COARSE,DIPLOSTRACA,ARTHROPODA,HAGMANNI,PHYLLOPODA,,CLADOCERA,,EUBOSMINA HAGMANNI
10/27/2015,1182,ZOOPLANKTON,SMALL,BRANCHIOPODA,BOSMINIDAE,HERB,EUBOSMINA,COARSE,COARSE,DIPLOSTRACA,ARTHROPODA,LONGISPINA,PHYLLOPODA,,CLADOCERA,,EUBOSMINA LONGISPINA
10/27/2015,1183,ZOOPLANKTON,SMALL,BRANCHIOPODA,BOSMINIDAE,HERB,EUBOSMINA,COARSE,COARSE,DIPLOSTRACA,ARTHROPODA,TUBICEN,PHYLLOPODA,,CLADOCERA,,EUBOSMINA TUBICEN
10/27/2015,1184,ZOOPLANKTON,,EUROTATORIA,EUCHLANIDAE,HERB,EUCHLANIS,FINE,FINE,PLOIMA,ROTIFERA,,MONOGONONTA,,,,EUCHLANIS
10/27/2015,1185,ZOOPLANKTON,,EUROTATORIA,EUCHLANIDAE,HERB,EUCHLANIS,FINE,FINE,PLOIMA,ROTIFERA,ALATA,MONOGONONTA,,,,EUCHLANIS ALATA
10/27/2015,1186,ZOOPLANKTON,,EUROTATORIA,EUCHLANIDAE,HERB,EUCHLANIS,FINE,FINE,PLOIMA,ROTIFERA,CALPIDIA,MONOGONONTA,,,,EUCHLANIS CALPIDIA
10/27/2015,1187,ZOOPLANKTON,,EUROTATORIA,EUCHLANIDAE,HERB,EUCHLANIS,FINE,FINE,PLOIMA,ROTIFERA,DILATATA,MONOGONONTA,,,,EUCHLANIS DILATATA
10/27/2015,1188,ZOOPLANKTON,,EUROTATORIA,EUCHLANIDAE,HERB,EUCHLANIS,FINE,FINE,PLOIMA,ROTIFERA,MENETA,MONOGONONTA,,,,EUCHLANIS MENETA
10/27/2015,1189,ZOOPLANKTON,,EUROTATORIA,EUCHLANIDAE,HERB,EUCHLANIS,FINE,,PLOIMA,ROTIFERA,PARVA,MONOGONONTA,,,,EUCHLANIS PARVA
10/27/2015,1190,ZOOPLANKTON,,EUROTATORIA,EUCHLANIDAE,HERB,EUCHLANIS,FINE,,PLOIMA,ROTIFERA,PROPATULA,MONOGONONTA,,,,EUCHLANIS PROPATULA
10/27/2015,1191,ZOOPLANKTON,,EUROTATORIA,EUCHLANIDAE,HERB,EUCHLANIS,FINE,FINE,PLOIMA,ROTIFERA,TRIQUETRA,MONOGONONTA,,,,EUCHLANIS TRIQUETRA
10/27/2015,1192,ZOOPLANKTON,,MAXILLOPODA,CYCLOPIDAE,OMNI,EUCYCLOPS,COARSE,COARSE,CYCLOPOIDA,ARTHROPODA,,COPEPODA,,,,EUCYCLOPS
10/27/2015,1193,ZOOPLANKTON,,MAXILLOPODA,CYCLOPIDAE,OMNI,EUCYCLOPS,COARSE,,CYCLOPOIDA,ARTHROPODA,AGILIS,COPEPODA,,,,EUCYCLOPS AGILIS
10/27/2015,1194,ZOOPLANKTON,,MAXILLOPODA,CYCLOPIDAE,OMNI,EUCYCLOPS,COARSE,,CYCLOPOIDA,ARTHROPODA,AGILIS,COPEPODA,,,MONTANUS,EUCYCLOPS AGILIS MONTANUS
10/27/2015,1195,ZOOPLANKTON,,MAXILLOPODA,CYCLOPIDAE,OMNI,EUCYCLOPS,COARSE,COARSE,CYCLOPOIDA,ARTHROPODA,ELEGANS,COPEPODA,,,,EUCYCLOPS ELEGANS
10/27/2015,1196,ZOOPLANKTON,,MAXILLOPODA,CYCLOPIDAE,OMNI,EUCYCLOPS,COARSE,COARSE,CYCLOPOIDA,ARTHROPODA,PECTINIFER,COPEPODA,,,,EUCYCLOPS PECTINIFER
10/27/2015,1197,ZOOPLANKTON,,MAXILLOPODA,CYCLOPIDAE,OMNI,EUCYCLOPS,COARSE,COARSE,CYCLOPOIDA,ARTHROPODA,PRIONOPHORUS,COPEPODA,,,,EUCYCLOPS PRIONOPHORUS
10/27/2015,1198,ZOOPLANKTON,SMALL,BRANCHIOPODA,CHYDORIDAE,HERB,EURYCERCUS,COARSE,,DIPLOSTRACA,ARTHROPODA,LAMELLATUS,PHYLLOPODA,,CLADOCERA,,EURYCERCUS LAMELLATUS
10/27/2015,1199,ZOOPLANKTON,SMALL,BRANCHIOPODA,CHYDORIDAE,HERB,EURYCERCUS,,COARSE,DIPLOSTRACA,ARTHROPODA,LONGIROSTRIS,PHYLLOPODA,,CLADOCERA,,EURYCERCUS LONGIROSTRIS
10/27/2015,1200,ZOOPLANKTON,,MAXILLOPODA,TEMORIDAE,HERB,EURYTEMORA,COARSE,COARSE,CALANOIDA,ARTHROPODA,AFFINIS,COPEPODA,,,,EURYTEMORA AFFINIS
10/27/2015,1201,ZOOPLANKTON,,EUROTATORIA,FILINIIDAE,OMNI,FILINIA,FINE,FINE,FLOSCULARIACEAE,ROTIFERA,,MONOGONONTA,,,,FILINIA
10/27/2015,1202,ZOOPLANKTON,,EUROTATORIA,FILINIIDAE,OMNI,FILINIA,,FINE,FLOSCULARIACEAE,ROTIFERA,LIMNETICA,MONOGONONTA,,,,FILINIA LIMNETICA
10/27/2015,1203,ZOOPLANKTON,,EUROTATORIA,FILINIIDAE,OMNI,FILINIA,FINE,FINE,FLOSCULARIACEAE,ROTIFERA,LONGISETA,MONOGONONTA,,,,FILINIA LONGISETA
10/27/2015,1204,ZOOPLANKTON,,EUROTATORIA,FILINIIDAE,OMNI,FILINIA,FINE,FINE,FLOSCULARIACEAE,ROTIFERA,NOVAEZEALANDIAE,MONOGONONTA,,,,FILINIA NOVAEZEALANDIAE
10/27/2015,1205,ZOOPLANKTON,,EUROTATORIA,FILINIIDAE,OMNI,FILINIA,FINE,FINE,FLOSCULARIACEAE,ROTIFERA,OPOLIENSIS,MONOGONONTA,,,,FILINIA OPOLIENSIS
10/27/2015,1206,ZOOPLANKTON,,EUROTATORIA,FILINIIDAE,OMNI,FILINIA,FINE,FINE,FLOSCULARIACEAE,ROTIFERA,PEJLERI,MONOGONONTA,,,,FILINIA PEJLERI
10/27/2015,1207,ZOOPLANKTON,,EUROTATORIA,FILINIIDAE,OMNI,FILINIA,FINE,FINE,FLOSCULARIACEAE,ROTIFERA,SALTATOR,MONOGONONTA,,,,FILINIA SALTATOR
10/27/2015,1208,ZOOPLANKTON,,EUROTATORIA,FILINIIDAE,OMNI,FILINIA,FINE,FINE,FLOSCULARIACEAE,ROTIFERA,TERMINALIS,MONOGONONTA,,,,FILINIA TERMINALIS
10/27/2015,1209,ZOOPLANKTON,,EUROTATORIA,FLOSCULARIIDAE,HERB,,FINE,FINE,FLOSCULARIACEAE,ROTIFERA,,MONOGONONTA,,,,FLOSCULARIIDAE
10/27/2015,1210,ZOOPLANKTON,,EUROTATORIA,GASTROPODIDAE,HERB,GASTROPUS,FINE,FINE,PLOIMA,ROTIFERA,,MONOGONONTA,,,,GASTROPUS
10/27/2015,1211,ZOOPLANKTON,,EUROTATORIA,GASTROPODIDAE,HERB,GASTROPUS,FINE,FINE,PLOIMA,ROTIFERA,HYPTOPUS,MONOGONONTA,,,,GASTROPUS HYPTOPUS
10/27/2015,1212,ZOOPLANKTON,,EUROTATORIA,GASTROPODIDAE,HERB,GASTROPUS,FINE,FINE,PLOIMA,ROTIFERA,MINOR,MONOGONONTA,,,,GASTROPUS MINOR
10/27/2015,1213,ZOOPLANKTON,,EUROTATORIA,GASTROPODIDAE,HERB,GASTROPUS,FINE,FINE,PLOIMA,ROTIFERA,STYLIFER,MONOGONONTA,,,,GASTROPUS STYLIFER
10/27/2015,1214,ZOOPLANKTON,SMALL,BRANCHIOPODA,CHYDORIDAE,HERB,GRAPTOLEBERIS,COARSE,COARSE,DIPLOSTRACA,ARTHROPODA,TESTUDINARIA,PHYLLOPODA,,CLADOCERA,,GRAPTOLEBERIS TESTUDINARIA
10/27/2015,1215,ZOOPLANKTON,,MAXILLOPODA,,HERB,,COARSE,FINE,HARPACTICOIDA,ARTHROPODA,,COPEPODA,,,,HARPACTICOIDA
10/27/2015,1216,ZOOPLANKTON,,EUROTATORIA,ASPLANCHNIDAE,OMNI,HARRINGIA,FINE,,PLOIMA,ROTIFERA,,MONOGONONTA,,,,HARRINGIA
10/27/2015,1217,ZOOPLANKTON,,MALACOSTRACA,VARUNIDAE,,HEMIGRAPSUS,COARSE,,DECAPODA,ARTHROPODA,SANGUINEUS,EUMALACOSTRACA,,,,HEMIGRAPSUS SANGUINEUS
10/27/2015,1218,ZOOPLANKTON,,MAXILLOPODA,DIAPTOMIDAE,HERB,HESPERODIAPTOMUS,COARSE,COARSE,CALANOIDA,ARTHROPODA,,COPEPODA,,,,HESPERODIAPTOMUS
10/27/2015,1219,ZOOPLANKTON,,MAXILLOPODA,DIAPTOMIDAE,HERB,HESPERODIAPTOMUS,COARSE,COARSE,CALANOIDA,ARTHROPODA,KENAI,COPEPODA,,,,HESPERODIAPTOMUS KENAI
10/27/2015,1220,ZOOPLANKTON,,MAXILLOPODA,DIAPTOMIDAE,HERB,HESPERODIAPTOMUS,COARSE,COARSE,CALANOIDA,ARTHROPODA,NEVADENSIS,COPEPODA,,,,HESPERODIAPTOMUS NEVADENSIS
10/27/2015,1221,ZOOPLANKTON,,EUROTATORIA,LEPADELLIDAE,OMNI,HETEROLEPADELLA,FINE,,PLOIMA,ROTIFERA,EHRENBERGI,MONOGONONTA,,,,HETEROLEPADELLA EHRENBERGI
10/27/2015,1222,ZOOPLANKTON,,EUROTATORIA,HEXARTHRIDAE,OMNI,HEXARTHRA,FINE,FINE,FLOSCULARIACEAE,ROTIFERA,,MONOGONONTA,,,,HEXARTHRA
10/27/2015,1223,ZOOPLANKTON,,EUROTATORIA,HEXARTHRIDAE,OMNI,HEXARTHRA,FINE,FINE,FLOSCULARIACEAE,ROTIFERA,FENNICA,MONOGONONTA,,,,HEXARTHRA FENNICA
10/27/2015,1224,ZOOPLANKTON,,EUROTATORIA,HEXARTHRIDAE,OMNI,HEXARTHRA,FINE,FINE,FLOSCULARIACEAE,ROTIFERA,INTERMEDIA,MONOGONONTA,,,,HEXARTHRA INTERMEDIA
10/27/2015,1225,ZOOPLANKTON,,EUROTATORIA,HEXARTHRIDAE,OMNI,HEXARTHRA,FINE,FINE,FLOSCULARIACEAE,ROTIFERA,INTERMEDIA,MONOGONONTA,,,BRASILIENSIS,HEXARTHRA INTERMEDIA BRASILIENSIS
10/27/2015,1226,ZOOPLANKTON,,EUROTATORIA,HEXARTHRIDAE,OMNI,HEXARTHRA,FINE,FINE,FLOSCULARIACEAE,ROTIFERA,JENKINAE,MONOGONONTA,,,,HEXARTHRA JENKINAE
10/27/2015,1227,ZOOPLANKTON,,EUROTATORIA,HEXARTHRIDAE,OMNI,HEXARTHRA,FINE,FINE,FLOSCULARIACEAE,ROTIFERA,MIRA,MONOGONONTA,,,,HEXARTHRA MIRA
10/27/2015,1228,ZOOPLANKTON,,EUROTATORIA,HEXARTHRIDAE,OMNI,HEXARTHRA,FINE,,FLOSCULARIACEAE,ROTIFERA,POLYDONTA,MONOGONONTA,,,SOAPLAKEIENSIS,HEXARTHRA POLYDONTA SOAPLAKEIENSIS
10/27/2015,1229,ZOOPLANKTON,LARGE,BRANCHIOPODA,HOLOPEDIIDAE,HERB,HOLOPEDIUM,COARSE,,DIPLOSTRACA,ARTHROPODA,,PHYLLOPODA,,CLADOCERA,,HOLOPEDIUM
10/27/2015,1230,ZOOPLANKTON,LARGE,BRANCHIOPODA,HOLOPEDIIDAE,HERB,HOLOPEDIUM,COARSE,COARSE,DIPLOSTRACA,ARTHROPODA,ACIDOPHILUM,PHYLLOPODA,,CLADOCERA,,HOLOPEDIUM ACIDOPHILUM
10/27/2015,1231,ZOOPLANKTON,LARGE,BRANCHIOPODA,HOLOPEDIIDAE,HERB,HOLOPEDIUM,COARSE,COARSE,DIPLOSTRACA,ARTHROPODA,ATLANTICUM,PHYLLOPODA,,CLADOCERA,,HOLOPEDIUM ATLANTICUM
10/27/2015,1232,ZOOPLANKTON,LARGE,BRANCHIOPODA,HOLOPEDIIDAE,HERB,HOLOPEDIUM,COARSE,COARSE,DIPLOSTRACA,ARTHROPODA,GIBBERUM,PHYLLOPODA,,CLADOCERA,,HOLOPEDIUM GIBBERUM
10/27/2015,1233,ZOOPLANKTON,LARGE,BRANCHIOPODA,HOLOPEDIIDAE,HERB,HOLOPEDIUM,COARSE,COARSE,DIPLOSTRACA,ARTHROPODA,GLACIALIS,PHYLLOPODA,,CLADOCERA,,HOLOPEDIUM GLACIALIS
10/27/2015,1234,ZOOPLANKTON,,ARACHNIDA,,,,COARSE,COARSE,TROMBIDIFORMES,ARTHROPODA,,ACARI,,,,HYDRACARINA
10/27/2015,1235,ZOOPLANKTON,SMALL,BRANCHIOPODA,ILYOCRIPTIDAE,HERB,ILYOCRYPTUS,COARSE,COARSE,DIPLOSTRACA,ARTHROPODA,,PHYLLOPODA,,CLADOCERA,,ILYOCRYPTUS
10/27/2015,1236,ZOOPLANKTON,SMALL,BRANCHIOPODA,ILYOCRIPTIDAE,HERB,ILYOCRYPTUS,COARSE,,DIPLOSTRACA,ARTHROPODA,ACUTIFRONS,PHYLLOPODA,,CLADOCERA,,ILYOCRYPTUS ACUTIFRONS
10/27/2015,1237,ZOOPLANKTON,SMALL,BRANCHIOPODA,ILYOCRIPTIDAE,HERB,ILYOCRYPTUS,COARSE,,DIPLOSTRACA,ARTHROPODA,SORDIDUS,PHYLLOPODA,,CLADOCERA,,ILYOCRYPTUS SORDIDUS
10/27/2015,1238,ZOOPLANKTON,SMALL,BRANCHIOPODA,ILYOCRIPTIDAE,HERB,ILYOCRYPTUS,COARSE,COARSE,DIPLOSTRACA,ARTHROPODA,SPINIFER,PHYLLOPODA,,CLADOCERA,,ILYOCRYPTUS SPINIFER
10/27/2015,1239,ZOOPLANKTON,SMALL,BRANCHIOPODA,CHYDORIDAE,HERB,KARUALONA,COARSE,,DIPLOSTRACA,ARTHROPODA,KARAU,PHYLLOPODA,,CLADOCERA,,KARUALONA KARUA
10/27/2015,1240,ZOOPLANKTON,,EUROTATORIA,BRACHIONIDAE,OMNI,KELLICOTTIA,FINE,FINE,PLOIMA,ROTIFERA,,MONOGONONTA,,,,KELLICOTTIA
10/27/2015,1241,ZOOPLANKTON,,EUROTATORIA,BRACHIONIDAE,OMNI,KELLICOTTIA,FINE,FINE,PLOIMA,ROTIFERA,BOSTONIENSIS,MONOGONONTA,,,,KELLICOTTIA BOSTONIENSIS
10/27/2015,1242,ZOOPLANKTON,,EUROTATORIA,BRACHIONIDAE,OMNI,KELLICOTTIA,FINE,FINE,PLOIMA,ROTIFERA,LONGISPINA,MONOGONONTA,,,,KELLICOTTIA LONGISPINA
10/27/2015,1243,ZOOPLANKTON,,EUROTATORIA,BRACHIONIDAE,HERB,KERATELLA,FINE,FINE,PLOIMA,ROTIFERA,,MONOGONONTA,,,,KERATELLA
10/27/2015,1244,ZOOPLANKTON,,EUROTATORIA,BRACHIONIDAE,HERB,KERATELLA,FINE,FINE,PLOIMA,ROTIFERA,AMERICANA,MONOGONONTA,,,,KERATELLA AMERICANA
10/27/2015,1245,ZOOPLANKTON,,EUROTATORIA,BRACHIONIDAE,HERB,KERATELLA,FINE,FINE,PLOIMA,ROTIFERA,COCHLEARIS,MONOGONONTA,,,,KERATELLA COCHLEARIS
10/27/2015,1246,ZOOPLANKTON,,EUROTATORIA,BRACHIONIDAE,HERB,KERATELLA,FINE,FINE,PLOIMA,ROTIFERA,COCHLEARIS,MONOGONONTA,,,FALUTA,KERATELLA COCHLEARIS FALUTA
10/27/2015,1247,ZOOPLANKTON,,EUROTATORIA,BRACHIONIDAE,HERB,KERATELLA,FINE,FINE,PLOIMA,ROTIFERA,COCHLEARIS,MONOGONONTA,,,HISPIDA,KERATELLA COCHLEARIS HISPIDA
10/27/2015,1248,ZOOPLANKTON,,EUROTATORIA,BRACHIONIDAE,HERB,KERATELLA,FINE,FINE,PLOIMA,ROTIFERA,COCHLEARIS,MONOGONONTA,,,ROBUSTA,KERATELLA COCHLEARIS ROBUSTA
10/27/2015,1249,ZOOPLANKTON,,EUROTATORIA,BRACHIONIDAE,HERB,KERATELLA,FINE,FINE,PLOIMA,ROTIFERA,COCHLEARIS,MONOGONONTA,,,TECTA,KERATELLA COCHLEARIS TECTA
10/27/2015,1250,ZOOPLANKTON,,EUROTATORIA,BRACHIONIDAE,HERB,KERATELLA,FINE,FINE,PLOIMA,ROTIFERA,CRASSA,MONOGONONTA,,,,KERATELLA CRASSA
10/27/2015,1251,ZOOPLANKTON,,EUROTATORIA,BRACHIONIDAE,HERB,KERATELLA,FINE,FINE,PLOIMA,ROTIFERA,EARLINAE,MONOGONONTA,,,,KERATELLA EARLINAE
10/27/2015,1252,ZOOPLANKTON,,EUROTATORIA,BRACHIONIDAE,HERB,KERATELLA,FINE,FINE,PLOIMA,ROTIFERA,HIEMALIS,MONOGONONTA,,,,KERATELLA HIEMALIS
10/27/2015,1253,ZOOPLANKTON,,EUROTATORIA,BRACHIONIDAE,HERB,KERATELLA,FINE,,PLOIMA,ROTIFERA,MIXTA,MONOGONONTA,,,,KERATELLA MIXTA
10/27/2015,1254,ZOOPLANKTON,,EUROTATORIA,BRACHIONIDAE,HERB,KERATELLA,FINE,FINE,PLOIMA,ROTIFERA,QUADRATA,MONOGONONTA,,,,KERATELLA QUADRATA
10/27/2015,1255,ZOOPLANKTON,,EUROTATORIA,BRACHIONIDAE,HERB,KERATELLA,FINE,FINE,PLOIMA,ROTIFERA,QUADRATA,MONOGONONTA,,,DISPERSA,KERATELLA QUADRATA DISPERSA
10/27/2015,1256,ZOOPLANKTON,,EUROTATORIA,BRACHIONIDAE,HERB,KERATELLA,FINE,FINE,PLOIMA,ROTIFERA,SERRULATA,MONOGONONTA,,,,KERATELLA SERRULATA
10/27/2015,1257,ZOOPLANKTON,,EUROTATORIA,BRACHIONIDAE,HERB,KERATELLA,FINE,FINE,PLOIMA,ROTIFERA,SERRULATA,MONOGONONTA,,,CURVICORNIS,KERATELLA SERRULATA CURVICORNIS
10/27/2015,1258,ZOOPLANKTON,,EUROTATORIA,BRACHIONIDAE,HERB,KERATELLA,FINE,FINE,PLOIMA,ROTIFERA,TAUROCEPHALA,MONOGONONTA,,,,KERATELLA TAUROCEPHALA
10/27/2015,1259,ZOOPLANKTON,,EUROTATORIA,BRACHIONIDAE,HERB,KERATELLA,FINE,FINE,PLOIMA,ROTIFERA,TECTA,MONOGONONTA,,,,KERATELLA TECTA
10/27/2015,1260,ZOOPLANKTON,,EUROTATORIA,BRACHIONIDAE,HERB,KERATELLA,FINE,,PLOIMA,ROTIFERA,TESTUDO,MONOGONONTA,,,,KERATELLA TESTUDO
10/27/2015,1261,ZOOPLANKTON,,EUROTATORIA,BRACHIONIDAE,HERB,KERATELLA,FINE,FINE,PLOIMA,ROTIFERA,TICINENSIS,MONOGONONTA,,,,KERATELLA TICINENSIS
10/27/2015,1262,ZOOPLANKTON,,EUROTATORIA,BRACHIONIDAE,HERB,KERATELLA,FINE,FINE,PLOIMA,ROTIFERA,TROPICA,MONOGONONTA,,,,KERATELLA TROPICA
10/27/2015,1263,ZOOPLANKTON,,EUROTATORIA,BRACHIONIDAE,HERB,KERATELLA,FINE,FINE,PLOIMA,ROTIFERA,VALGA,MONOGONONTA,,,,KERATELLA VALGA
10/27/2015,1264,ZOOPLANKTON,SMALL,BRANCHIOPODA,CHYDORIDAE,HERB,KURZIA,COARSE,COARSE,DIPLOSTRACA,ARTHROPODA,LATISSIMA,PHYLLOPODA,,CLADOCERA,,KURZIA LATISSIMA
10/27/2015,1265,ZOOPLANKTON,SMALL,BRANCHIOPODA,CHYDORIDAE,HERB,KURZIA,COARSE,,DIPLOSTRACA,ARTHROPODA,MEDIA,PHYLLOPODA,,CLADOCERA,,KURZIA MEDIA
10/27/2015,1266,ZOOPLANKTON,LARGE,BRANCHIOPODA,SIDIDAE,HERB,LATONOPSIS,COARSE,,DIPLOSTRACA,ARTHROPODA,,PHYLLOPODA,,CLADOCERA,,LATONOPSIS
10/27/2015,1267,ZOOPLANKTON,,EUROTATORIA,LECANIDAE,HERB,LECANE,FINE,FINE,PLOIMA,ROTIFERA,,MONOGONONTA,,,,LECANE
10/27/2015,1268,ZOOPLANKTON,,EUROTATORIA,LECANIDAE,HERB,LECANE,FINE,,PLOIMA,ROTIFERA,ARCULA,MONOGONONTA,,,,LECANE ARCULA
10/27/2015,1269,ZOOPLANKTON,,EUROTATORIA,LECANIDAE,HERB,LECANE,FINE,,PLOIMA,ROTIFERA,BRACHYDACTYLA,MONOGONONTA,,,,LECANE BRACHYDACTYLA
10/27/2015,1270,ZOOPLANKTON,,EUROTATORIA,LECANIDAE,HERB,LECANE,FINE,,PLOIMA,ROTIFERA,CLARA,MONOGONONTA,,,,LECANE CLARA
10/27/2015,1271,ZOOPLANKTON,,EUROTATORIA,LECANIDAE,HERB,LECANE,FINE,,PLOIMA,ROTIFERA,CREPIDA,MONOGONONTA,,,,LECANE CREPIDA
10/27/2015,1272,ZOOPLANKTON,,EUROTATORIA,LECANIDAE,HERB,LECANE,FINE,,PLOIMA,ROTIFERA,CURVICORNIS,MONOGONONTA,,,,LECANE CURVICORNIS
10/27/2015,1273,ZOOPLANKTON,,EUROTATORIA,LECANIDAE,HERB,LECANE,FINE,,PLOIMA,ROTIFERA,EUTARSA,MONOGONONTA,,,,LECANE EUTARSA
10/27/2015,1274,ZOOPLANKTON,,EUROTATORIA,LECANIDAE,HERB,LECANE,FINE,,PLOIMA,ROTIFERA,FLEXILIS,MONOGONONTA,,,,LECANE FLEXILIS
10/27/2015,1275,ZOOPLANKTON,,EUROTATORIA,LECANIDAE,HERB,LECANE,FINE,,PLOIMA,ROTIFERA,HASTATA,MONOGONONTA,,,,LECANE HASTATA
10/27/2015,1276,ZOOPLANKTON,,EUROTATORIA,LECANIDAE,HERB,LECANE,FINE,,PLOIMA,ROTIFERA,HORNEMANNI,MONOGONONTA,,,,LECANE HORNEMANNI
10/27/2015,1277,ZOOPLANKTON,,EUROTATORIA,LECANIDAE,HERB,LECANE,FINE,,PLOIMA,ROTIFERA,INERMIS,MONOGONONTA,,,,LECANE INERMIS
10/27/2015,1278,ZOOPLANKTON,,EUROTATORIA,LECANIDAE,HERB,LECANE,FINE,,PLOIMA,ROTIFERA,INTRASINUATA,MONOGONONTA,,,,LECANE INTRASINUATA
10/27/2015,1279,ZOOPLANKTON,,EUROTATORIA,LECANIDAE,HERB,LECANE,FINE,FINE,PLOIMA,ROTIFERA,LEONTINA,MONOGONONTA,,,,LECANE LEONTINA
10/27/2015,1280,ZOOPLANKTON,,EUROTATORIA,LECANIDAE,HERB,LECANE,FINE,,PLOIMA,ROTIFERA,LUDWIGII,MONOGONONTA,,,,LECANE LUDWIGII
10/27/2015,1281,ZOOPLANKTON,,EUROTATORIA,LECANIDAE,HERB,LECANE,FINE,FINE,PLOIMA,ROTIFERA,LUNA,MONOGONONTA,,,,LECANE LUNA
10/27/2015,1282,ZOOPLANKTON,,EUROTATORIA,LECANIDAE,HERB,LECANE,FINE,FINE,PLOIMA,ROTIFERA,MIRA,MONOGONONTA,,,,LECANE MIRA
10/27/2015,1283,ZOOPLANKTON,,EUROTATORIA,LECANIDAE,HERB,LECANE,FINE,,PLOIMA,ROTIFERA,MUCRONATA,MONOGONONTA,,,,LECANE MUCRONATA
10/27/2015,1284,ZOOPLANKTON,,EUROTATORIA,LECANIDAE,HERB,LECANE,FINE,,PLOIMA,ROTIFERA,OHIOENSIS,MONOGONONTA,,,,LECANE OHIOENSIS
10/27/2015,1285,ZOOPLANKTON,,EUROTATORIA,LECANIDAE,HERB,LECANE,FINE,FINE,PLOIMA,ROTIFERA,PAPUANA,MONOGONONTA,,,,LECANE PAPUANA
10/27/2015,1286,ZOOPLANKTON,,EUROTATORIA,LECANIDAE,HERB,LECANE,FINE,,PLOIMA,ROTIFERA,PERTICA,MONOGONONTA,,,,LECANE PERTICA
10/27/2015,1287,ZOOPLANKTON,,EUROTATORIA,LECANIDAE,HERB,LECANE,FINE,,PLOIMA,ROTIFERA,PUSILLA,MONOGONONTA,,,,LECANE PUSILLA
10/27/2015,1288,ZOOPLANKTON,,EUROTATORIA,LECANIDAE,HERB,LECANE,FINE,FINE,PLOIMA,ROTIFERA,RHENANA,MONOGONONTA,,,,LECANE RHENANA
10/27/2015,1289,ZOOPLANKTON,,EUROTATORIA,LECANIDAE,HERB,LECANE,FINE,FINE,PLOIMA,ROTIFERA,SIGNIFERA,MONOGONONTA,,,,LECANE SIGNIFERA
10/27/2015,1290,ZOOPLANKTON,,EUROTATORIA,LECANIDAE,HERB,LECANE,FINE,,PLOIMA,ROTIFERA,STENROOSI,MONOGONONTA,,,,LECANE STENROOSI
10/27/2015,1291,ZOOPLANKTON,,EUROTATORIA,LECANIDAE,HERB,LECANE,FINE,,PLOIMA,ROTIFERA,STICHAEA,MONOGONONTA,,,,LECANE STICHAEA
10/27/2015,1292,ZOOPLANKTON,,EUROTATORIA,LECANIDAE,HERB,LECANE,FINE,,PLOIMA,ROTIFERA,TENUISETA,MONOGONONTA,,,,LECANE TENUISETA
10/27/2015,1293,ZOOPLANKTON,,EUROTATORIA,LECANIDAE,HERB,LECANE,FINE,,PLOIMA,ROTIFERA,TUDICOLA,MONOGONONTA,,,,LECANE TUDICOLA
10/27/2015,1294,ZOOPLANKTON,,EUROTATORIA,LECANIDAE,HERB,LECANE,FINE,FINE,PLOIMA,ROTIFERA,UNGULATA,MONOGONONTA,,,,LECANE UNGULATA
10/27/2015,1295,ZOOPLANKTON,,EUROTATORIA,LEPADELLIDAE,HERB,LEPADELLA,FINE,,PLOIMA,ROTIFERA,,MONOGONONTA,,,,LEPADELLA
10/27/2015,1296,ZOOPLANKTON,,EUROTATORIA,LEPADELLIDAE,HERB,LEPADELLA,FINE,,PLOIMA,ROTIFERA,ACUMINATA,MONOGONONTA,,,,LEPADELLA ACUMINATA
10/27/2015,1297,ZOOPLANKTON,,EUROTATORIA,LEPADELLIDAE,HERB,LEPADELLA,FINE,,PLOIMA,ROTIFERA,COSTATA,MONOGONONTA,,,,LEPADELLA COSTATA
10/27/2015,1298,ZOOPLANKTON,,EUROTATORIA,LEPADELLIDAE,HERB,LEPADELLA,FINE,,PLOIMA,ROTIFERA,CRISTATA,MONOGONONTA,,,,LEPADELLA CRISTATA
10/27/2015,1299,ZOOPLANKTON,,EUROTATORIA,LEPADELLIDAE,HERB,LEPADELLA,FINE,,PLOIMA,ROTIFERA,EHRENBERGI,MONOGONONTA,,,,LEPADELLA EHRENBERGI
10/27/2015,1300,ZOOPLANKTON,,EUROTATORIA,LEPADELLIDAE,HERB,LEPADELLA,FINE,,PLOIMA,ROTIFERA,OVALIS,MONOGONONTA,,,,LEPADELLA OVALIS
10/27/2015,1301,ZOOPLANKTON,,EUROTATORIA,LEPADELLIDAE,HERB,LEPADELLA,FINE,FINE,PLOIMA,ROTIFERA,PATELLA,MONOGONONTA,,,,LEPADELLA PATELLA
10/27/2015,1302,ZOOPLANKTON,,EUROTATORIA,LEPADELLIDAE,HERB,LEPADELLA,FINE,,PLOIMA,ROTIFERA,RHOMBOIDES,MONOGONONTA,,,,LEPADELLA RHOMBOIDES
10/27/2015,1303,ZOOPLANKTON,,MAXILLOPODA,DIAPTOMIDAE,HERB,LEPTODIAPTOMUS,COARSE,,CALANOIDA,ARTHROPODA,,COPEPODA,,,,LEPTODIAPTOMUS
10/27/2015,1304,ZOOPLANKTON,,MAXILLOPODA,DIAPTOMIDAE,HERB,LEPTODIAPTOMUS,COARSE,COARSE,CALANOIDA,ARTHROPODA,ASHLANDI,COPEPODA,,,,LEPTODIAPTOMUS ASHLANDI
10/27/2015,1305,ZOOPLANKTON,,MAXILLOPODA,DIAPTOMIDAE,HERB,LEPTODIAPTOMUS,COARSE,COARSE,CALANOIDA,ARTHROPODA,COLORADENSIS,COPEPODA,,,,LEPTODIAPTOMUS COLORADENSIS
10/27/2015,1306,ZOOPLANKTON,,MAXILLOPODA,DIAPTOMIDAE,HERB,LEPTODIAPTOMUS,COARSE,,CALANOIDA,ARTHROPODA,CONNEXUS,COPEPODA,,,,LEPTODIAPTOMUS CONNEXUS
10/27/2015,1307,ZOOPLANKTON,,MAXILLOPODA,DIAPTOMIDAE,HERB,LEPTODIAPTOMUS,COARSE,,CALANOIDA,ARTHROPODA,JUDAYI,COPEPODA,,,,LEPTODIAPTOMUS JUDAYI
10/27/2015,1308,ZOOPLANKTON,,MAXILLOPODA,DIAPTOMIDAE,HERB,LEPTODIAPTOMUS,COARSE,COARSE,CALANOIDA,ARTHROPODA,MINUTUS,COPEPODA,,,,LEPTODIAPTOMUS MINUTUS
10/27/2015,1309,ZOOPLANKTON,,MAXILLOPODA,DIAPTOMIDAE,HERB,LEPTODIAPTOMUS,COARSE,COARSE,CALANOIDA,ARTHROPODA,NOVAMEXICANUS,COPEPODA,,,,LEPTODIAPTOMUS NOVAMEXICANUS
10/27/2015,1310,ZOOPLANKTON,,MAXILLOPODA,DIAPTOMIDAE,HERB,LEPTODIAPTOMUS,COARSE,COARSE,CALANOIDA,ARTHROPODA,NUDUS,COPEPODA,,,,LEPTODIAPTOMUS NUDUS
10/27/2015,1311,ZOOPLANKTON,,MAXILLOPODA,DIAPTOMIDAE,HERB,LEPTODIAPTOMUS,COARSE,COARSE,CALANOIDA,ARTHROPODA,SICILIS,COPEPODA,,,,LEPTODIAPTOMUS SICILIS
10/27/2015,1312,ZOOPLANKTON,,MAXILLOPODA,DIAPTOMIDAE,HERB,LEPTODIAPTOMUS,COARSE,COARSE,CALANOIDA,ARTHROPODA,SICILOIDES,COPEPODA,,,,LEPTODIAPTOMUS SICILOIDES
10/27/2015,1313,ZOOPLANKTON,,MAXILLOPODA,DIAPTOMIDAE,HERB,LEPTODIAPTOMUS,COARSE,,CALANOIDA,ARTHROPODA,SIGNICAUDA,COPEPODA,,,,LEPTODIAPTOMUS SIGNICAUDA
10/27/2015,1314,ZOOPLANKTON,,MAXILLOPODA,DIAPTOMIDAE,HERB,LEPTODIAPTOMUS,COARSE,COARSE,CALANOIDA,ARTHROPODA,TYRELLI,COPEPODA,,,,LEPTODIAPTOMUS TYRRELLI
10/27/2015,1315,ZOOPLANKTON,LARGE,BRANCHIOPODA,LEPTODORIDAE,PRED,LEPTODORA,COARSE,COARSE,DIPLOSTRACA,ARTHROPODA,KINDTII,PHYLLOPODA,,CLADOCERA,,LEPTODORA KINDTII
10/27/2015,1316,ZOOPLANKTON,SMALL,BRANCHIOPODA,CHYDORIDAE,HERB,LEYDIGIA,,COARSE,DIPLOSTRACA,ARTHROPODA,,PHYLLOPODA,,CLADOCERA,,LEYDIGIA
10/27/2015,1317,ZOOPLANKTON,SMALL,BRANCHIOPODA,CHYDORIDAE,HERB,LEYDIGIA,COARSE,COARSE,DIPLOSTRACA,ARTHROPODA,QUADRANGULARIS,PHYLLOPODA,,CLADOCERA,,LEYDIGIA QUADRANGULARIS
10/27/2015,1318,ZOOPLANKTON,,EUROTATORIA,EPIPHANIDAE,OMNI,LILIFEROTROCHA,,FINE,PLOIMA,ROTIFERA,,MONOGONONTA,,,,LILIFEROTROCHA
10/27/2015,1319,ZOOPLANKTON,,EUROTATORIA,EPIPHANIDAE,OMNI,LILIFEROTROCHA,FINE,,PLOIMA,ROTIFERA,SUBTILIS,MONOGONONTA,,,,LILIFEROTROCHA SUBTILIS
10/27/2015,1320,ZOOPLANKTON,,EUROTATORIA,MYTILINIDAE,HERB,LOPHOCHARIS,FINE,FINE,PLOIMA,ROTIFERA,,MONOGONONTA,,,,LOPHOCHARIS
10/27/2015,1321,ZOOPLANKTON,,EUROTATORIA,MYTILINIDAE,HERB,LOPHOCHARIS,FINE,FINE,PLOIMA,ROTIFERA,SALPINA,MONOGONONTA,,,,LOPHOCHARIS SALPINA
10/27/2015,1322,ZOOPLANKTON,,EUROTATORIA,TRICHOTRIIDAE,OMNI,MACROCHAETUS,FINE,FINE,PLOIMA,ROTIFERA,,MONOGONONTA,,,,MACROCHAETUS
10/27/2015,1323,ZOOPLANKTON,,EUROTATORIA,TRICHOTRIIDAE,OMNI,MACROCHAETUS,FINE,,PLOIMA,ROTIFERA,COLLINSII,MONOGONONTA,,,,MACROCHAETUS COLLINSII
10/27/2015,1324,ZOOPLANKTON,,EUROTATORIA,TRICHOTRIIDAE,OMNI,MACROCHAETUS,FINE,,PLOIMA,ROTIFERA,LONGIPES,MONOGONONTA,,,,MACROCHAETUS LONGIPES
10/27/2015,1325,ZOOPLANKTON,,EUROTATORIA,TRICHOTRIIDAE,OMNI,MACROCHAETUS,FINE,FINE,PLOIMA,ROTIFERA,SERICA,MONOGONONTA,,,,MACROCHAETUS SERICA
10/27/2015,1326,ZOOPLANKTON,,EUROTATORIA,TRICHOTRIIDAE,OMNI,MACROCHAETUS,FINE,FINE,PLOIMA,ROTIFERA,SUBQUADRATUS,MONOGONONTA,,,,MACROCHAETUS SUBQUADRATUS
10/27/2015,1327,ZOOPLANKTON,,MAXILLOPODA,CYCLOPIDAE,OMNI,MACROCYCLOPS,COARSE,,CYCLOPOIDA,ARTHROPODA,ALBIDUS,COPEPODA,,,,MACROCYCLOPS ALBIDUS
10/27/2015,1328,ZOOPLANKTON,LARGE,BRANCHIOPODA,MACROTHRICIDAE,HERB,MACROTHRIX,COARSE,,DIPLOSTRACA,ARTHROPODA,,PHYLLOPODA,,CLADOCERA,,MACROTHRIX
10/27/2015,1329,ZOOPLANKTON,LARGE,BRANCHIOPODA,MACROTHRICIDAE,HERB,MACROTHRIX,COARSE,,DIPLOSTRACA,ARTHROPODA,MEXICANUS,PHYLLOPODA,,CLADOCERA,,MACROTHRIX MEXICANUS
10/27/2015,1330,ZOOPLANKTON,LARGE,BRANCHIOPODA,MACROTHRICIDAE,HERB,MACROTHRIX,COARSE,,DIPLOSTRACA,ARTHROPODA,ROSEA,PHYLLOPODA,,CLADOCERA,,MACROTHRIX ROSEA
10/27/2015,1331,ZOOPLANKTON,,MAXILLOPODA,CYCLOPIDAE,OMNI,MESOCYCLOPS,,COARSE,CYCLOPOIDA,ARTHROPODA,,COPEPODA,,,,MESOCYCLOPS
10/27/2015,1332,ZOOPLANKTON,,MAXILLOPODA,CYCLOPIDAE,OMNI,MESOCYCLOPS,COARSE,COARSE,CYCLOPOIDA,ARTHROPODA,EDAX,COPEPODA,,,,MESOCYCLOPS EDAX
10/27/2015,1333,ZOOPLANKTON,,MAXILLOPODA,CYCLOPIDAE,OMNI,MESOCYCLOPS,,COARSE,CYCLOPOIDA,ARTHROPODA,LEUKARTI,COPEPODA,,,,MESOCYCLOPS LEUKARTI
10/27/2015,1334,ZOOPLANKTON,,MAXILLOPODA,CYCLOPIDAE,HERB,MICROCYCLOPS,COARSE,,CYCLOPOIDA,ARTHROPODA,RUBELLUS,COPEPODA,,,,MICROCYCLOPS RUBELLUS
10/27/2015,1335,ZOOPLANKTON,,MAXILLOPODA,CYCLOPIDAE,HERB,MICROCYCLOPS,COARSE,COARSE,CYCLOPOIDA,ARTHROPODA,VARICANS,COPEPODA,,,,MICROCYCLOPS VARICANS
10/27/2015,1336,ZOOPLANKTON,SMALL,BRANCHIOPODA,MOINIDAE,HERB,MOINA,COARSE,COARSE,DIPLOSTRACA,ARTHROPODA,,PHYLLOPODA,,CLADOCERA,,MOINA
10/27/2015,1337,ZOOPLANKTON,SMALL,BRANCHIOPODA,MOINIDAE,HERB,MOINA,COARSE,,DIPLOSTRACA,ARTHROPODA,BRACHIATA,PHYLLOPODA,,CLADOCERA,,MOINA BRACHIATA
10/27/2015,1338,ZOOPLANKTON,SMALL,BRANCHIOPODA,MOINIDAE,HERB,MOINA,COARSE,,DIPLOSTRACA,ARTHROPODA,HUTCHINSONI,PHYLLOPODA,,CLADOCERA,,MOINA HUTCHINSONI
10/27/2015,1339,ZOOPLANKTON,SMALL,BRANCHIOPODA,MOINIDAE,HERB,MOINA,COARSE,COARSE,DIPLOSTRACA,ARTHROPODA,MACROCOPA,PHYLLOPODA,,CLADOCERA,,MOINA MACROCOPA
10/27/2015,1340,ZOOPLANKTON,SMALL,BRANCHIOPODA,MOINIDAE,HERB,MOINA,COARSE,COARSE,DIPLOSTRACA,ARTHROPODA,MICRURA,PHYLLOPODA,,CLADOCERA,,MOINA MICRURA
10/27/2015,1341,ZOOPLANKTON,,EUROTATORIA,,UNK,,FINE,FINE,,ROTIFERA,,MONOGONONTA,,,,MONOGONATA
10/27/2015,1342,ZOOPLANKTON,,EUROTATORIA,NOTOMMATIDAE,OMNI,MONOMMATA,FINE,,PLOIMA,ROTIFERA,ENEDRA,MONOGONONTA,,,,MONOMMATA ENEDRA
10/27/2015,1343,ZOOPLANKTON,,EUROTATORIA,NOTOMMATIDAE,OMNI,MONOMMATA,FINE,,PLOIMA,ROTIFERA,,MONOGONONTA,,,,MONOMMATA SP.
10/27/2015,1344,ZOOPLANKTON,,EUROTATORIA,NOTOMMATIDAE,OMNI,MONOMMATA,FINE,,PLOIMA,ROTIFERA,VIRIDIS,MONOGONONTA,,,,MONOMMATA VIRIDIS
10/27/2015,1345,ZOOPLANKTON,,EUROTATORIA,LECANIDAE,HERB,MONOSTYLA,FINE,FINE,PLOIMA,ROTIFERA,,MONOGONONTA,,,,MONOSTYLA
10/27/2015,1346,ZOOPLANKTON,,EUROTATORIA,LECANIDAE,HERB,MONOSTYLA,FINE,FINE,PLOIMA,ROTIFERA,BULLA,MONOGONONTA,,,,MONOSTYLA BULLA
10/27/2015,1347,ZOOPLANKTON,,EUROTATORIA,LECANIDAE,HERB,MONOSTYLA,FINE,FINE,PLOIMA,ROTIFERA,CLOSTEROCERCA,MONOGONONTA,,,,MONOSTYLA CLOSTEROCERCA
10/27/2015,1348,ZOOPLANKTON,,EUROTATORIA,LECANIDAE,HERB,MONOSTYLA,FINE,,PLOIMA,ROTIFERA,COPEIS,MONOGONONTA,,,,MONOSTYLA COPEIS
10/27/2015,1349,ZOOPLANKTON,,EUROTATORIA,LECANIDAE,HERB,MONOSTYLA,FINE,FINE,PLOIMA,ROTIFERA,CORNUTA,MONOGONONTA,,,,MONOSTYLA CORNUTA
10/27/2015,1350,ZOOPLANKTON,,EUROTATORIA,LECANIDAE,HERB,MONOSTYLA,FINE,FINE,PLOIMA,ROTIFERA,CRENATA,MONOGONONTA,,,,MONOSTYLA CRENATA
10/27/2015,1351,ZOOPLANKTON,,EUROTATORIA,LECANIDAE,HERB,MONOSTYLA,FINE,,PLOIMA,ROTIFERA,HAMATA,MONOGONONTA,,,,MONOSTYLA HAMATA
10/27/2015,1352,ZOOPLANKTON,,EUROTATORIA,LECANIDAE,HERB,MONOSTYLA,FINE,FINE,PLOIMA,ROTIFERA,LUNARIS,MONOGONONTA,,,,MONOSTYLA LUNARIS
10/27/2015,1353,ZOOPLANKTON,,EUROTATORIA,LECANIDAE,HERB,MONOSTYLA,FINE,,PLOIMA,ROTIFERA,MURRAYI,MONOGONONTA,,,,MONOSTYLA MURRAYI
10/27/2015,1354,ZOOPLANKTON,,EUROTATORIA,LECANIDAE,HERB,MONOSTYLA,FINE,,PLOIMA,ROTIFERA,PYRIFORMIS,MONOGONONTA,,,,MONOSTYLA PYRIFORMIS
10/27/2015,1355,ZOOPLANKTON,,EUROTATORIA,LECANIDAE,HERB,MONOSTYLA,FINE,FINE,PLOIMA,ROTIFERA,QUADRIDENTATA,MONOGONONTA,,,,MONOSTYLA QUADRIDENTATA
10/27/2015,1356,ZOOPLANKTON,,EUROTATORIA,LECANIDAE,HERB,MONOSTYLA,FINE,FINE,PLOIMA,ROTIFERA,SCUTATA,MONOGONONTA,,,,MONOSTYLA SCUTATA
10/27/2015,1357,ZOOPLANKTON,,EUROTATORIA,LECANIDAE,HERB,MONOSTYLA,FINE,,PLOIMA,ROTIFERA,SPINULIFERA,MONOGONONTA,,,,MONOSTYLA SPINULIFERA
10/27/2015,1358,ZOOPLANKTON,,EUROTATORIA,LECANIDAE,HERB,MONOSTYLA,FINE,FINE,PLOIMA,ROTIFERA,STENROOSI,MONOGONONTA,,,,MONOSTYLA STENROOSI
10/27/2015,1359,ZOOPLANKTON,,MALACOSTRACA,MYSIDAE,HERB,,COARSE,,MYSIDA,ARTHROPODA,,EUMALACOSTRACA,,,,MYSIDAE
10/27/2015,1360,ZOOPLANKTON,,EUROTATORIA,MYTILINIDAE,HERB,MYTILINA,,FINE,PLOIMA,ROTIFERA,,MONOGONONTA,,,,MYTILINA
10/27/2015,1361,ZOOPLANKTON,,EUROTATORIA,MYTILINIDAE,HERB,MYTILINA,FINE,FINE,PLOIMA,ROTIFERA,BISULCATA,MONOGONONTA,,,,MYTILINA BISULCATA
10/27/2015,1362,ZOOPLANKTON,,EUROTATORIA,MYTILINIDAE,HERB,MYTILINA,FINE,,PLOIMA,ROTIFERA,CRASSIPES,MONOGONONTA,,,,MYTILINA CRASSIPES
10/27/2015,1363,ZOOPLANKTON,,EUROTATORIA,MYTILINIDAE,HERB,MYTILINA,FINE,,PLOIMA,ROTIFERA,MACROCERCA,MONOGONONTA,,,,MYTILINA MACROCERCA
10/27/2015,1364,ZOOPLANKTON,,EUROTATORIA,MYTILINIDAE,HERB,MYTILINA,FINE,FINE,PLOIMA,ROTIFERA,MUCRONATA,MONOGONONTA,,,,MYTILINA MUCRONATA
10/27/2015,1365,ZOOPLANKTON,,EUROTATORIA,MYTILINIDAE,HERB,MYTILINA,FINE,,PLOIMA,ROTIFERA,TRIGONA,MONOGONONTA,,,,MYTILINA TRIGONA
10/27/2015,1366,ZOOPLANKTON,,EUROTATORIA,MYTILINIDAE,HERB,MYTILINA,FINE,FINE,PLOIMA,ROTIFERA,VENTRALIS,MONOGONONTA,,,,MYTILINA VENTRALIS
10/27/2015,1367,ZOOPLANKTON,,EUROTATORIA,MYTILINIDAE,HERB,MYTILINA,FINE,,PLOIMA,ROTIFERA,VENTRALIS,MONOGONONTA,,,BREVISPINUS,MYTILINA VENTRALIS BREVISPINUS
10/27/2015,1368,ZOOPLANKTON,,EUROTATORIA,MYTILINIDAE,HERB,MYTILINA,FINE,FINE,PLOIMA,ROTIFERA,VENTRALIS,MONOGONONTA,,,MACRACANTHA,MYTILINA VENTRALIS MACRACANTHA
10/27/2015,1369,ZOOPLANKTON,,MAXILLOPODA,ERGASILIDAE,OMNI,NEOERGASILUS,COARSE,,POECILOSTOMATOIDA,ARTHROPODA,JAPONICUS,COPEPODA,,,,NEOERGASILUS JAPONICUS
10/27/2015,1370,ZOOPLANKTON,,EUROTATORIA,BRACHIONIDAE,HERB,NOTHOLCA,FINE,,PLOIMA,ROTIFERA,,MONOGONONTA,,,,NOTHOLCA
10/27/2015,1371,ZOOPLANKTON,,EUROTATORIA,BRACHIONIDAE,HERB,NOTHOLCA,FINE,FINE,PLOIMA,ROTIFERA,ACUMINATA,MONOGONONTA,,,,NOTHOLCA ACUMINATA
10/27/2015,1372,ZOOPLANKTON,,EUROTATORIA,BRACHIONIDAE,HERB,NOTHOLCA,FINE,FINE,PLOIMA,ROTIFERA,ACUMINATA,MONOGONONTA,,,EXTENSA,NOTHOLCA ACUMINATA EXTENSA
10/27/2015,1373,ZOOPLANKTON,,EUROTATORIA,BRACHIONIDAE,HERB,NOTHOLCA,FINE,,PLOIMA,ROTIFERA,CAUDATA,MONOGONONTA,,,,NOTHOLCA CAUDATA
10/27/2015,1374,ZOOPLANKTON,,EUROTATORIA,BRACHIONIDAE,HERB,NOTHOLCA,FINE,,PLOIMA,ROTIFERA,LABIS,MONOGONONTA,,,,NOTHOLCA LABIS
10/27/2015,1375,ZOOPLANKTON,,EUROTATORIA,BRACHIONIDAE,HERB,NOTHOLCA,FINE,,PLOIMA,ROTIFERA,LAURENTIAE,MONOGONONTA,,,,NOTHOLCA LAURENTIAE
10/27/2015,1376,ZOOPLANKTON,,EUROTATORIA,BRACHIONIDAE,HERB,NOTHOLCA,FINE,,PLOIMA,ROTIFERA,MICHIGANENSIS,MONOGONONTA,,,,NOTHOLCA MICHIGANENSIS
10/27/2015,1377,ZOOPLANKTON,,EUROTATORIA,BRACHIONIDAE,HERB,NOTHOLCA,FINE,FINE,PLOIMA,ROTIFERA,SQUAMULA,MONOGONONTA,,,,NOTHOLCA SQUAMULA
10/27/2015,1378,ZOOPLANKTON,,EUROTATORIA,NOTOMMATIDAE,OMNI,NOTOMMATA,,FINE,PLOIMA,ROTIFERA,,MONOGONONTA,,,,NOTOMMATA
10/27/2015,1379,ZOOPLANKTON,,EUROTATORIA,NOTOMMATIDAE,OMNI,NOTOMMATA,FINE,,PLOIMA,ROTIFERA,CYRTOPUS,MONOGONONTA,,,,NOTOMMATA CYRTOPUS
10/27/2015,1380,ZOOPLANKTON,,EUROTATORIA,NOTOMMATIDAE,OMNI,,FINE,FINE,PLOIMA,ROTIFERA,,MONOGONONTA,,,,NOTOMMATIDAE
10/27/2015,1381,ZOOPLANKTON,,MAXILLOPODA,DIAPTOMIDAE,HERB,ONYCHODIAPTOMUS,COARSE,COARSE,CALANOIDA,ARTHROPODA,BIRGEI,COPEPODA,,,,ONYCHODIAPTOMUS BIRGEI
10/27/2015,1382,ZOOPLANKTON,,MAXILLOPODA,DIAPTOMIDAE,HERB,ONYCHODIAPTOMUS,COARSE,,CALANOIDA,ARTHROPODA,HESPERUS,COPEPODA,,,,ONYCHODIAPTOMUS HESPERUS
10/27/2015,1383,ZOOPLANKTON,,MAXILLOPODA,DIAPTOMIDAE,HERB,ONYCHODIAPTOMUS,COARSE,COARSE,CALANOIDA,ARTHROPODA,SANGUINEUS,COPEPODA,,,,ONYCHODIAPTOMUS SANGUINEUS
10/27/2015,1384,ZOOPLANKTON,SMALL,BRANCHIOPODA,MACROTHRICIDAE,HERB,OPHRYOXUS,COARSE,,DIPLOSTRACA,ARTHROPODA,GRACILIS,PHYLLOPODA,,CLADOCERA,,OPHRYOXUS GRACILIS
10/27/2015,1385,ZOOPLANKTON,,MAXILLOPODA,CYCLOPIDAE,OMNI,ORTHOCYCLOPS,COARSE,COARSE,CYCLOPOIDA,ARTHROPODA,MODESTUS,COPEPODA,,,,ORTHOCYCLOPS MODESTUS
10/27/2015,1386,ZOOPLANKTON,,OSTRACODA,,,,COARSE,COARSE,,ARTHROPODA,,,,,,OSTRACODA
10/27/2015,1387,ZOOPLANKTON,SMALL,BRANCHIOPODA,CHYDORIDAE,HERB,OXYURELLA,COARSE,,DIPLOSTRACA,ARTHROPODA,BREVICAUDIS,PHYLLOPODA,,CLADOCERA,,OXYURELLA BREVICAUDIS
10/27/2015,1388,ZOOPLANKTON,,MAXILLOPODA,CYCLOPIDAE,HERB,PARACYCLOPS,COARSE,,CYCLOPOIDA,ARTHROPODA,CHILTONI,COPEPODA,,,,PARACYCLOPS CHILTONI
10/27/2015,1389,ZOOPLANKTON,,POLYCHAETA,PECTINARIIDAE,,,FINE,,CANALIPALPATA,ANNELIDA,,PALPATA,,TEREBELLIDA,,PECTINARIIDAE
10/27/2015,1390,ZOOPLANKTON,,POLYCHAETA,PHYLLODOCIDA,,,FINE,,ACICULATA,ANNELIDA,,PALPATA,,,,PHYLLODOCIDAE
10/27/2015,1391,ZOOPLANKTON,SMALL,BRANCHIOPODA,CHYDORIDAE,HERB,PICRIPLEUROXUS,COARSE,,DIPLOSTRACA,ARTHROPODA,,PHYLLOPODA,,CLADOCERA,,PICRIPLEUROXUS
10/27/2015,1392,ZOOPLANKTON,SMALL,BRANCHIOPODA,CHYDORIDAE,HERB,PICRIPLEUROXUS,COARSE,COARSE,DIPLOSTRACA,ARTHROPODA,DENTICULATUS,PHYLLOPODA,,CLADOCERA,,PICRIPLEUROXUS DENTICULATUS
10/27/2015,1393,ZOOPLANKTON,SMALL,BRANCHIOPODA,CHYDORIDAE,HERB,PICRIPLEUROXUS,COARSE,,DIPLOSTRACA,ARTHROPODA,STRIATUS,PHYLLOPODA,,CLADOCERA,,PICRIPLEUROXUS STRIATUS
10/27/2015,1394,ZOOPLANKTON,,EUROTATORIA,BRACHIONIDAE,UNK,PLATYIAS,FINE,,PLOIMA,ROTIFERA,PATULUS,MONOGONONTA,,,,PLATYIAS PATULUS
10/27/2015,1395,ZOOPLANKTON,,EUROTATORIA,BRACHIONIDAE,HERB,PLATYIAS,FINE,FINE,PLOIMA,ROTIFERA,QUADRICORNIS,MONOGONONTA,,,,PLATYIAS QUADRICORNIS
10/27/2015,1396,ZOOPLANKTON,SMALL,BRANCHIOPODA,CHYDORIDAE,HERB,PLEUROXUS,COARSE,,DIPLOSTRACA,ARTHROPODA,,PHYLLOPODA,,CLADOCERA,,PLEUROXUS
10/27/2015,1397,ZOOPLANKTON,SMALL,BRANCHIOPODA,CHYDORIDAE,HERB,PLEUROXUS,COARSE,COARSE,DIPLOSTRACA,ARTHROPODA,ADUNCUS,PHYLLOPODA,,CLADOCERA,,PLEUROXUS ADUNCUS
10/27/2015,1398,ZOOPLANKTON,SMALL,BRANCHIOPODA,CHYDORIDAE,HERB,PLEUROXUS,COARSE,,DIPLOSTRACA,ARTHROPODA,DENTICULATUS,PHYLLOPODA,,CLADOCERA,,PLEUROXUS DENTICULATUS
10/27/2015,1399,ZOOPLANKTON,SMALL,BRANCHIOPODA,CHYDORIDAE,HERB,PLEUROXUS,COARSE,,DIPLOSTRACA,ARTHROPODA,PROCURVUS,PHYLLOPODA,,CLADOCERA,,PLEUROXUS PROCURVUS
10/27/2015,1400,ZOOPLANKTON,,EUROTATORIA,SYNCHAETIDAE,PRED,PLOESOMA,FINE,,PLOIMA,ROTIFERA,,MONOGONONTA,,,,PLOESOMA
10/27/2015,1401,ZOOPLANKTON,,EUROTATORIA,SYNCHAETIDAE,PRED,PLOESOMA,FINE,FINE,PLOIMA,ROTIFERA,HUDSONI,MONOGONONTA,,,,PLOESOMA HUDSONI
10/27/2015,1402,ZOOPLANKTON,,EUROTATORIA,SYNCHAETIDAE,PRED,PLOESOMA,FINE,FINE,PLOIMA,ROTIFERA,LENTICULARE,MONOGONONTA,,,,PLOESOMA LENTICULARE
10/27/2015,1403,ZOOPLANKTON,,EUROTATORIA,SYNCHAETIDAE,PRED,PLOESOMA,FINE,FINE,PLOIMA,ROTIFERA,TRUNCATUM,MONOGONONTA,,,,PLOESOMA TRUNCATUM
10/27/2015,1404,ZOOPLANKTON,,EUROTATORIA,SYNCHAETIDAE,OMNI,POLYARTHRA,FINE,FINE,PLOIMA,ROTIFERA,,MONOGONONTA,,,,POLYARTHRA
10/27/2015,1405,ZOOPLANKTON,,EUROTATORIA,SYNCHAETIDAE,OMNI,POLYARTHRA,FINE,FINE,PLOIMA,ROTIFERA,DOLICHOPTERA,MONOGONONTA,,,,POLYARTHRA DOLICHOPTERA
10/27/2015,1406,ZOOPLANKTON,,EUROTATORIA,SYNCHAETIDAE,OMNI,POLYARTHRA,FINE,FINE,PLOIMA,ROTIFERA,EURYPTERA,MONOGONONTA,,,,POLYARTHRA EURYPTERA
10/27/2015,1407,ZOOPLANKTON,,EUROTATORIA,SYNCHAETIDAE,OMNI,POLYARTHRA,FINE,FINE,PLOIMA,ROTIFERA,MAJOR,MONOGONONTA,,,,POLYARTHRA MAJOR
10/27/2015,1408,ZOOPLANKTON,,EUROTATORIA,SYNCHAETIDAE,OMNI,POLYARTHRA,FINE,FINE,PLOIMA,ROTIFERA,REMATA,MONOGONONTA,,,,POLYARTHRA REMATA
10/27/2015,1409,ZOOPLANKTON,,EUROTATORIA,SYNCHAETIDAE,OMNI,POLYARTHRA,FINE,FINE,PLOIMA,ROTIFERA,VULGARIS,MONOGONONTA,,,,POLYARTHRA VULGARIS
10/27/2015,1410,ZOOPLANKTON,,POLYCHAETA,,,,COARSE,,,ANNELIDA,,,,,,POLYCHAETA
10/27/2015,1411,ZOOPLANKTON,SMALL,BRANCHIOPODA,POLYPHEMIDAE,PRED,POLYPHEMUS,COARSE,COARSE,DIPLOSTRACA,ARTHROPODA,PEDICULUS,PHYLLOPODA,,CLADOCERA,,POLYPHEMUS PEDICULUS
10/27/2015,1412,ZOOPLANKTON,,EUROTATORIA,TESTUDINELLIDAE,HERB,POMPHOLYX,FINE,FINE,FLOSCULARIACEAE,ROTIFERA,SULCATA,MONOGONONTA,,,,POMPHOLYX SULCATA
10/27/2015,1413,ZOOPLANKTON,,EUROTATORIA,PROALIDAE,OMNI,PROALES,FINE,FINE,PLOIMA,ROTIFERA,,MONOGONONTA,,,,PROALES
10/27/2015,1414,ZOOPLANKTON,,EUROTATORIA,PROALIDAE,OMNI,PROALES,FINE,FINE,PLOIMA,ROTIFERA,THEODORA,MONOGONONTA,,,,PROALES THEODORA
10/27/2015,1415,ZOOPLANKTON,,EUROTATORIA,PROALIDAE,OMNI,,FINE,,PLOIMA,ROTIFERA,,MONOGONONTA,,,,PROALIDAE
10/27/2015,1416,ZOOPLANKTON,,EUROTATORIA,EPIPHANIDAE,OMNI,PROALIDES,,FINE,PLOIMA,ROTIFERA,TENTACULATUS,MONOGONONTA,,,,PROALIDES TENTACULATUS
10/27/2015,1417,ZOOPLANKTON,SMALL,BRANCHIOPODA,CHYDORIDAE,OMNI,PSEUDOCHYDORUS,COARSE,,DIPLOSTRACA,ARTHROPODA,GLOBOSUS,PHYLLOPODA,,CLADOCERA,,PSEUDOCHYDORUS GLOBOSUS
10/27/2015,1418,ZOOPLANKTON,,MAXILLOPODA,PSEUDODIAPTOMIDAE,HERB,PSEUDODIAPTOMUS,COARSE,,CALANOIDA,ARTHROPODA,FORBESI,COPEPODA,,,,PSEUDODIAPTOMUS FORBESI
10/27/2015,1419,ZOOPLANKTON,LARGE,BRANCHIOPODA,SIDIDAE,HERB,PSEUDOSIDA,COARSE,,DIPLOSTRACA,ARTHROPODA,BIDENTATA,PHYLLOPODA,,CLADOCERA,,PSEUDOSIDA BIDENTATA
10/27/2015,1420,ZOOPLANKTON,,EUROTATORIA,FLOSCULARIIDAE,HERB,PTYGURA,FINE,FINE,FLOSCULARIACEAE,ROTIFERA,,MONOGONONTA,,,,PTYGURA
10/27/2015,1421,ZOOPLANKTON,,EUROTATORIA,FLOSCULARIIDAE,HERB,PTYGURA,FINE,,FLOSCULARIACEAE,ROTIFERA,BRACHIATA,MONOGONONTA,,,,PTYGURA BRACHIATA
10/27/2015,1422,ZOOPLANKTON,,EUROTATORIA,FLOSCULARIIDAE,HERB,PTYGURA,FINE,FINE,FLOSCULARIACEAE,ROTIFERA,LIBERA,MONOGONONTA,,,,PTYGURA LIBERA
10/27/2015,1423,ZOOPLANKTON,,EUROTATORIA,PHILODINIDAE,HERB,ROTARIA,FINE,FINE,,ROTIFERA,,BDELLOIDEA,,,,ROTARIA
10/27/2015,1424,ZOOPLANKTON,,EUROTATORIA,PHILODINIDAE,HERB,ROTARIA,FINE,FINE,,ROTIFERA,NEPTUNIA,BDELLOIDEA,,,,ROTARIA NEPTUNIA
10/27/2015,1425,ZOOPLANKTON,,EUROTATORIA,PHILODINIDAE,HERB,ROTARIA,FINE,,,ROTIFERA,SOCIALIS,BDELLOIDEA,,,,ROTARIA SOCIALIS
10/27/2015,1426,ZOOPLANKTON,,,,UNK,,FINE,FINE,,ROTIFERA,,,,,,ROTIFERA
10/27/2015,1427,ZOOPLANKTON,SMALL,BRANCHIOPODA,DAPHNIIDAE,HERB,SCAPHOLEBERIS,COARSE,,DIPLOSTRACA,ARTHROPODA,KINGI,PHYLLOPODA,,CLADOCERA,,SCAPHOLEBERIS KINGI
10/27/2015,1428,ZOOPLANKTON,SMALL,BRANCHIOPODA,DAPHNIIDAE,HERB,SCAPHOLEBERIS,COARSE,,DIPLOSTRACA,ARTHROPODA,MUCRONATA,PHYLLOPODA,,CLADOCERA,,SCAPHOLEBERIS MUCRONATA
10/27/2015,1429,ZOOPLANKTON,,EUROTATORIA,SCARIDIIDAE,UNK,SCARIDIUM,FINE,,PLOIMA,ROTIFERA,LONGICAUDUM,MONOGONONTA,,,,SCARIDIUM LONGICAUDUM
10/27/2015,1430,ZOOPLANKTON,LARGE,BRANCHIOPODA,SIDIDAE,HERB,SIDA,COARSE,COARSE,DIPLOSTRACA,ARTHROPODA,CRYSTALLINA,PHYLLOPODA,,CLADOCERA,,SIDA CRYSTALLINA
10/27/2015,1431,ZOOPLANKTON,LARGE,BRANCHIOPODA,DAPHNIIDAE,HERB,SIMOCEPHALUS,COARSE,,DIPLOSTRACA,ARTHROPODA,,PHYLLOPODA,,CLADOCERA,,SIMOCEPHALUS
10/27/2015,1432,ZOOPLANKTON,LARGE,BRANCHIOPODA,DAPHNIIDAE,HERB,SIMOCEPHALUS,COARSE,COARSE,DIPLOSTRACA,ARTHROPODA,SERRULATUS,PHYLLOPODA,,CLADOCERA,,SIMOCEPHALUS SERRULATUS
10/27/2015,1433,ZOOPLANKTON,LARGE,BRANCHIOPODA,DAPHNIIDAE,HERB,SIMOCEPHALUS,COARSE,COARSE,DIPLOSTRACA,ARTHROPODA,VETULUS,PHYLLOPODA,,CLADOCERA,,SIMOCEPHALUS VETULUS
10/27/2015,1434,ZOOPLANKTON,,EUROTATORIA,FLOSCULARIIDAE,HERB,SINANTHERINA,FINE,,FLOSCULARIACEAE,ROTIFERA,SEMIBULLATA,MONOGONONTA,,,,SINANTHERINA SEMIBULLATA
10/27/2015,1435,ZOOPLANKTON,,MAXILLOPODA,CENTROPAGIDAE,HERB,SINOCALANUS,COARSE,,CALANOIDA,ARTHROPODA,DOERRI,COPEPODA,,,,SINOCALANUS DOERRI
10/27/2015,1436,ZOOPLANKTON,,MAXILLOPODA,DIAPTOMIDAE,HERB,SKISTODIAPTOMUS,COARSE,COARSE,CALANOIDA,ARTHROPODA,,COPEPODA,,,,SKISTODIAPTOMUS
10/27/2015,1437,ZOOPLANKTON,,MAXILLOPODA,DIAPTOMIDAE,HERB,SKISTODIAPTOMUS,COARSE,COARSE,CALANOIDA,ARTHROPODA,CAROLINENSIS,COPEPODA,,,,SKISTODIAPTOMUS CAROLINENSIS
10/27/2015,1438,ZOOPLANKTON,,MAXILLOPODA,DIAPTOMIDAE,HERB,SKISTODIAPTOMUS,COARSE,COARSE,CALANOIDA,ARTHROPODA,MISSISSIPPIENSIS,COPEPODA,,,,SKISTODIAPTOMUS MISSISSIPPIENSIS
10/27/2015,1439,ZOOPLANKTON,,MAXILLOPODA,DIAPTOMIDAE,HERB,SKISTODIAPTOMUS,COARSE,COARSE,CALANOIDA,ARTHROPODA,OREGONENSIS,COPEPODA,,,,SKISTODIAPTOMUS OREGONENSIS
10/27/2015,1440,ZOOPLANKTON,,MAXILLOPODA,DIAPTOMIDAE,HERB,SKISTODIAPTOMUS,COARSE,COARSE,CALANOIDA,ARTHROPODA,PALLIDUS,COPEPODA,,,,SKISTODIAPTOMUS PALLIDUS
10/27/2015,1441,ZOOPLANKTON,,MAXILLOPODA,DIAPTOMIDAE,HERB,SKISTODIAPTOMUS,COARSE,COARSE,CALANOIDA,ARTHROPODA,PYGMAEUS,COPEPODA,,,,SKISTODIAPTOMUS PYGMAEUS
10/27/2015,1442,ZOOPLANKTON,,MAXILLOPODA,DIAPTOMIDAE,HERB,SKISTODIAPTOMUS,COARSE,COARSE,CALANOIDA,ARTHROPODA,REIGHARDI,COPEPODA,,,,SKISTODIAPTOMUS REIGHARDI
10/27/2015,1443,ZOOPLANKTON,,MAXILLOPODA,DIAPTOMIDAE,HERB,SKISTODIAPTOMUS,COARSE,COARSE,CALANOIDA,ARTHROPODA,SINUATUS,COPEPODA,,,,SKISTODIAPTOMUS SINUATUS
10/27/2015,1444,ZOOPLANKTON,,EUROTATORIA,LEPADELLIDAE,HERB,SQUATINELLA,FINE,,PLOIMA,ROTIFERA,MUTICA,MONOGONONTA,,,,SQUATINELLA MUTICA
10/27/2015,1445,ZOOPLANKTON,,EUROTATORIA,LEPADELLIDAE,HERB,SQUATINELLA,FINE,,PLOIMA,ROTIFERA,ROSTRUM,MONOGONONTA,,,ROSTRUM,SQUATINELLA ROSTRUM ROSTRUM
10/27/2015,1446,ZOOPLANKTON,LARGE,BRANCHIOPODA,MACROTHRICIDAE,HERB,STREBLOCERUS,COARSE,,DIPLOSTRACA,ARTHROPODA,SERRICAUDATUS,PHYLLOPODA,,CLADOCERA,,STREBLOCERUS SERRICAUDATUS
10/27/2015,1447,ZOOPLANKTON,,EUROTATORIA,SYNCHAETIDAE,PRED,SYNCHAETA,FINE,FINE,PLOIMA,ROTIFERA,,MONOGONONTA,,,,SYNCHAETA
10/27/2015,1448,ZOOPLANKTON,,EUROTATORIA,SYNCHAETIDAE,PRED,SYNCHAETA,FINE,,PLOIMA,ROTIFERA,BICORNIS,MONOGONONTA,,,,SYNCHAETA BICORNIS
10/27/2015,1449,ZOOPLANKTON,,EUROTATORIA,SYNCHAETIDAE,PRED,SYNCHAETA,FINE,,PLOIMA,ROTIFERA,KITINA,MONOGONONTA,,,,SYNCHAETA KITINA
10/27/2015,1450,ZOOPLANKTON,,EUROTATORIA,SYNCHAETIDAE,PRED,SYNCHAETA,FINE,FINE,PLOIMA,ROTIFERA,LAKOWITZIANA,MONOGONONTA,,,,SYNCHAETA LAKOWITZIANA
10/27/2015,1451,ZOOPLANKTON,,EUROTATORIA,SYNCHAETIDAE,PRED,SYNCHAETA,FINE,FINE,PLOIMA,ROTIFERA,LONGIPES,MONOGONONTA,,,,SYNCHAETA LONGIPES
10/27/2015,1452,ZOOPLANKTON,,EUROTATORIA,SYNCHAETIDAE,PRED,SYNCHAETA,FINE,FINE,PLOIMA,ROTIFERA,OBLONGA,MONOGONONTA,,,,SYNCHAETA OBLONGA
10/27/2015,1453,ZOOPLANKTON,,EUROTATORIA,SYNCHAETIDAE,PRED,SYNCHAETA,FINE,FINE,PLOIMA,ROTIFERA,PECTINATA,MONOGONONTA,,,,SYNCHAETA PECTINATA
10/27/2015,1454,ZOOPLANKTON,,EUROTATORIA,SYNCHAETIDAE,PRED,SYNCHAETA,FINE,FINE,PLOIMA,ROTIFERA,STYLATA,MONOGONONTA,,,,SYNCHAETA STYLATA
10/27/2015,1455,ZOOPLANKTON,,EUROTATORIA,TESTUDINELLIDAE,HERB,TESTUDINELLA,FINE,FINE,FLOSCULARIACEAE,ROTIFERA,,MONOGONONTA,,,,TESTUDINELLA
10/27/2015,1456,ZOOPLANKTON,,EUROTATORIA,TESTUDINELLIDAE,HERB,TESTUDINELLA,FINE,,FLOSCULARIACEAE,ROTIFERA,MUCRONATA,MONOGONONTA,,,,TESTUDINELLA MUCRONATA
10/27/2015,1457,ZOOPLANKTON,,EUROTATORIA,TESTUDINELLIDAE,HERB,TESTUDINELLA,FINE,,FLOSCULARIACEAE,ROTIFERA,PARVA,MONOGONONTA,,,,TESTUDINELLA PARVA
10/27/2015,1458,ZOOPLANKTON,,EUROTATORIA,TESTUDINELLIDAE,HERB,TESTUDINELLA,FINE,,FLOSCULARIACEAE,ROTIFERA,PARVA,MONOGONONTA,,,PARVA,TESTUDINELLA PARVA PARVA
10/27/2015,1459,ZOOPLANKTON,,EUROTATORIA,TESTUDINELLIDAE,HERB,TESTUDINELLA,FINE,FINE,FLOSCULARIACEAE,ROTIFERA,PATINA,MONOGONONTA,,,,TESTUDINELLA PATINA
10/27/2015,1460,ZOOPLANKTON,,EUROTATORIA,TESTUDINELLIDAE,HERB,TESTUDINELLA,FINE,,FLOSCULARIACEAE,ROTIFERA,TRIDENTATA,MONOGONONTA,,,,TESTUDINELLA TRIDENTATA
10/27/2015,1461,ZOOPLANKTON,,TREMATODA,,,,COARSE,,,PLATYHELMINTHES,,,,,,TREMATODA
10/27/2015,1462,ZOOPLANKTON,,EUROTATORIA,TRICHOCERCIDAE,PRED,TRICHOCERCA,FINE,FINE,PLOIMA,ROTIFERA,,MONOGONONTA,,,,TRICHOCERCA
10/27/2015,1463,ZOOPLANKTON,,EUROTATORIA,TRICHOCERCIDAE,PRED,TRICHOCERCA,FINE,FINE,PLOIMA,ROTIFERA,BICRISTATA,MONOGONONTA,,,,TRICHOCERCA BICRISTATA
10/27/2015,1464,ZOOPLANKTON,,EUROTATORIA,TRICHOCERCIDAE,PRED,TRICHOCERCA,FINE,FINE,PLOIMA,ROTIFERA,CAPUCINA,MONOGONONTA,,,,TRICHOCERCA CAPUCINA
10/27/2015,1465,ZOOPLANKTON,,EUROTATORIA,TRICHOCERCIDAE,PRED,TRICHOCERCA,FINE,,PLOIMA,ROTIFERA,COLLARIS,MONOGONONTA,,,,TRICHOCERCA COLLARIS
10/27/2015,1466,ZOOPLANKTON,,EUROTATORIA,TRICHOCERCIDAE,PRED,TRICHOCERCA,FINE,FINE,PLOIMA,ROTIFERA,CYLINDRICA,MONOGONONTA,,,,TRICHOCERCA CYLINDRICA
10/27/2015,1467,ZOOPLANKTON,,EUROTATORIA,TRICHOCERCIDAE,PRED,TRICHOCERCA,FINE,,PLOIMA,ROTIFERA,DIXON-NUTTALLI,MONOGONONTA,,,,TRICHOCERCA DIXON-NUTTALLI
10/27/2015,1468,ZOOPLANKTON,,EUROTATORIA,TRICHOCERCIDAE,PRED,TRICHOCERCA,FINE,FINE,PLOIMA,ROTIFERA,ELONGATA,MONOGONONTA,,,,TRICHOCERCA ELONGATA
10/27/2015,1469,ZOOPLANKTON,,EUROTATORIA,TRICHOCERCIDAE,PRED,TRICHOCERCA,FINE,,PLOIMA,ROTIFERA,FLAGELLATA,MONOGONONTA,,,,TRICHOCERCA FLAGELLATA
10/27/2015,1470,ZOOPLANKTON,,EUROTATORIA,TRICHOCERCIDAE,PRED,TRICHOCERCA,FINE,,PLOIMA,ROTIFERA,GRACILIS,MONOGONONTA,,,,TRICHOCERCA GRACILIS
10/27/2015,1471,ZOOPLANKTON,,EUROTATORIA,TRICHOCERCIDAE,PRED,TRICHOCERCA,FINE,,PLOIMA,ROTIFERA,INERMIS,MONOGONONTA,,,,TRICHOCERCA INERMIS
10/27/2015,1472,ZOOPLANKTON,,EUROTATORIA,TRICHOCERCIDAE,PRED,TRICHOCERCA,FINE,FINE,PLOIMA,ROTIFERA,LATA,MONOGONONTA,,,,TRICHOCERCA LATA
10/27/2015,1473,ZOOPLANKTON,,EUROTATORIA,TRICHOCERCIDAE,PRED,TRICHOCERCA,FINE,FINE,PLOIMA,ROTIFERA,LONGISETA,MONOGONONTA,,,,TRICHOCERCA LONGISETA
10/27/2015,1474,ZOOPLANKTON,,EUROTATORIA,TRICHOCERCIDAE,PRED,TRICHOCERCA,,FINE,PLOIMA,ROTIFERA,MOLLIS,MONOGONONTA,,,,TRICHOCERCA MOLLIS
10/27/2015,1475,ZOOPLANKTON,,EUROTATORIA,TRICHOCERCIDAE,PRED,TRICHOCERCA,FINE,FINE,PLOIMA,ROTIFERA,MUCOSA,MONOGONONTA,,,,TRICHOCERCA MUCOSA
10/27/2015,1476,ZOOPLANKTON,,EUROTATORIA,TRICHOCERCIDAE,PRED,TRICHOCERCA,FINE,FINE,PLOIMA,ROTIFERA,MULTICRINIS,MONOGONONTA,,,,TRICHOCERCA MULTICRINIS
10/27/2015,1477,ZOOPLANKTON,,EUROTATORIA,TRICHOCERCIDAE,PRED,TRICHOCERCA,,FINE,PLOIMA,ROTIFERA,MUSCULUS,MONOGONONTA,,,,TRICHOCERCA MUSCULUS
10/27/2015,1478,ZOOPLANKTON,,EUROTATORIA,TRICHOCERCIDAE,PRED,TRICHOCERCA,FINE,FINE,PLOIMA,ROTIFERA,PORCELLUS,MONOGONONTA,,,,TRICHOCERCA PORCELLUS
10/27/2015,1479,ZOOPLANKTON,,EUROTATORIA,TRICHOCERCIDAE,PRED,TRICHOCERCA,FINE,FINE,PLOIMA,ROTIFERA,PUSILLA,MONOGONONTA,,,,TRICHOCERCA PUSILLA
10/27/2015,1480,ZOOPLANKTON,,EUROTATORIA,TRICHOCERCIDAE,PRED,TRICHOCERCA,FINE,FINE,PLOIMA,ROTIFERA,RATTUS,MONOGONONTA,,,,TRICHOCERCA RATTUS
10/27/2015,1481,ZOOPLANKTON,,EUROTATORIA,TRICHOCERCIDAE,PRED,TRICHOCERCA,FINE,,PLOIMA,ROTIFERA,ROSEA,MONOGONONTA,,,,TRICHOCERCA ROSEA
10/27/2015,1482,ZOOPLANKTON,,EUROTATORIA,TRICHOCERCIDAE,PRED,TRICHOCERCA,FINE,FINE,PLOIMA,ROTIFERA,ROUSSELETI,MONOGONONTA,,,,TRICHOCERCA ROUSSELETI
10/27/2015,1483,ZOOPLANKTON,,EUROTATORIA,TRICHOCERCIDAE,PRED,TRICHOCERCA,FINE,FINE,PLOIMA,ROTIFERA,SIMILIS,MONOGONONTA,,,,TRICHOCERCA SIMILIS
10/27/2015,1484,ZOOPLANKTON,,EUROTATORIA,TRICHOCERCIDAE,PRED,TRICHOCERCA,FINE,FINE,PLOIMA,ROTIFERA,STYLATA,MONOGONONTA,,,,TRICHOCERCA STYLATA
10/27/2015,1485,ZOOPLANKTON,,EUROTATORIA,TRICHOCERCIDAE,PRED,TRICHOCERCA,FINE,,PLOIMA,ROTIFERA,TENUIOR,MONOGONONTA,,,,TRICHOCERCA TENUIOR
10/27/2015,1486,ZOOPLANKTON,,EUROTATORIA,TRICHOCERCIDAE,PRED,TRICHOCERCA,FINE,,PLOIMA,ROTIFERA,TIGRIS,MONOGONONTA,,,,TRICHOCERCA TIGRIS
10/27/2015,1487,ZOOPLANKTON,,EUROTATORIA,TRICHOCERCIDAE,PRED,TRICHOCERCA,FINE,,PLOIMA,ROTIFERA,WEBERI,MONOGONONTA,,,,TRICHOCERCA WEBERI
10/27/2015,1488,ZOOPLANKTON,,EUROTATORIA,TRICHOTRIIDAE,HERB,TRICHOTRIA,FINE,FINE,PLOIMA,ROTIFERA,,MONOGONONTA,,,,TRICHOTRIA
10/27/2015,1489,ZOOPLANKTON,,EUROTATORIA,TRICHOTRIIDAE,HERB,TRICHOTRIA,FINE,FINE,PLOIMA,ROTIFERA,POCILLUM,MONOGONONTA,,,,TRICHOTRIA POCILLUM
10/27/2015,1490,ZOOPLANKTON,,EUROTATORIA,TRICHOTRIIDAE,HERB,TRICHOTRIA,FINE,FINE,PLOIMA,ROTIFERA,TETRACTIS,MONOGONONTA,,,,TRICHOTRIA TETRACTIS
10/27/2015,1491,ZOOPLANKTON,,EUROTATORIA,TRICHOTRIIDAE,HERB,TRICHOTRIA,FINE,FINE,PLOIMA,ROTIFERA,TETRACTIS,MONOGONONTA,,,SIMILIS,TRICHOTRIA TETRACTIS SIMILIS
10/27/2015,1492,ZOOPLANKTON,,EUROTATORIA,TROCHOSPHAERIDAE,UNK,TROCHOSPHAERA,FINE,FINE,FLOSCULARIACEAE,ROTIFERA,SOLSTITIALIS,MONOGONONTA,,,,TROCHOSPHAERA SOLSTITIALIS
10/27/2015,1493,ZOOPLANKTON,,MAXILLOPODA,CYCLOPIDAE,HERB,TROPOCYCLOPS,COARSE,COARSE,CYCLOPOIDA,ARTHROPODA,PRASINUS,COPEPODA,,,,TROPOCYCLOPS PRASINUS
10/27/2015,1494,ZOOPLANKTON,,MAXILLOPODA,CYCLOPIDAE,HERB,TROPOCYCLOPS,COARSE,COARSE,CYCLOPOIDA,ARTHROPODA,PRASINUS,COPEPODA,,,MEXICANUS,TROPOCYCLOPS PRASINUS MEXICANUS
10/27/2015,1495,ZOOPLANKTON,,MALACOSTRACA,OCYPODOIDAE,,UCA,COARSE,COARSE,DECAPODA,ARTHROPODA,,EUMALACOSTRACA,,PLEOCYEMATA,,UCA
10/27/2015,1496,ZOOPLANKTON,LARGE,BRANCHIOPODA,MACROTHRICIDAE,HERB,WLASSICSIA,COARSE,,DIPLOSTRACA,ARTHROPODA,KINISTINENSIS,PHYLLOPODA,,CLADOCERA,,WLASSICSIA KINISTINENSIS
10/27/2015,1497,ZOOPLANKTON,,EUROTATORIA,TRICHOTRIIDAE,HERB,WOLGA,FINE,,PLOIMA,ROTIFERA,SPINIFERA,MONOGONONTA,,,,WOLGA SPINIFERA
